Designator,Val,Package,Mid X,Mid Y,Rotation,Layer
C1,10uF,C_0603_1608Metric,245.595,-141.52,180,top
C2,0.1uF,C_0402_1005Metric,246.135,-140.26,180,top
C3,0.1uF,C_0402_1005Metric,183.87,-133.6,180,top
C4,10uF,C_0603_1608Metric,183.59,-134.89,180,top
C5,1uF,C_0603_1608Metric,184.38,-139.29,-90,top
C6,10uF,C_0603_1608Metric,176.9,-137.63,90,top
C7,10uF,C_0603_1608Metric,182.81,-137.29,-90,top
C8,100u,CAPPM3528X210N,244.5,-168.89,0,top
C9,10u 35v,C_0805_2012Metric,240.8325,-160.7925,90,top
C10,10u 35v,C_0805_2012Metric,242.9825,-160.7925,90,top
C11,10u 35v,C_0805_2012Metric,244.02,-165.7425,0,top
C12,10u 35v,C_0805_2012Metric,244.0325,-163.5925,0,top
C13,0.1uF,C_0402_1005Metric,233.5825,-155.5425,180,top
C14,nf,C_0402_1005Metric,235.7825,-150.2425,0,top
C15,10u 35v,C_0805_2012Metric,245.4825,-155.3425,-90,top
C16,10u 35v,C_0805_2012Metric,245.4825,-151.7925,90,top
C17,10u 35v,C_0805_2012Metric,247.47,-151.7925,90,top
C18,10u 35v,C_0805_2012Metric,247.47,-155.34,-90,top
C19,10u 35v,C_0805_2012Metric,249.47,-151.79,90,top
C20,10u 35v,C_0805_2012Metric,249.47,-155.3425,-90,top
C21,0.1uF,C_0402_1005Metric,242.6825,-150.0925,180,top
C22,nf,C_0402_1005Metric,236.1325,-153.6575,-90,top
C23,1.2nF,C_0402_1005Metric,234.3825,-154.1925,0,top
C24,100u,CAPPM3528X210N,255.1675,-212.61,0,top
C25,10u 35v,C_0805_2012Metric,251.5,-204.5125,90,top
C26,10u 35v,C_0805_2012Metric,253.65,-204.5125,90,top
C27,10u 35v,C_0805_2012Metric,254.6875,-209.4625,0,top
C28,10u 35v,C_0805_2012Metric,254.7,-207.3125,0,top
C29,0.1uF,C_0402_1005Metric,244.25,-199.2625,180,top
C30,nf,C_0402_1005Metric,246.45,-193.9625,0,top
C31,10u 35v,C_0805_2012Metric,256.15,-199.0625,-90,top
C32,10u 35v,C_0805_2012Metric,256.15,-195.5125,90,top
C33,10u 35v,C_0805_2012Metric,258.1375,-195.5125,90,top
C34,10u 35v,C_0805_2012Metric,258.1375,-199.06,-90,top
C35,10u 35v,C_0805_2012Metric,260.1375,-195.51,90,top
C36,10u 35v,C_0805_2012Metric,260.1375,-199.0625,-90,top
C37,0.1uF,C_0402_1005Metric,253.35,-193.8125,180,top
C38,nf,C_0402_1005Metric,246.8,-197.3775,-90,top
C39,1.2nF,C_0402_1005Metric,245.05,-197.9125,0,top
C40,100u,CAPPM3528X210N,243.78,-109.1,180,top
C41,10u 35v,C_0805_2012Metric,244.81,-105.58,180,top
C42,10u 35v,C_0805_2012Metric,244.81,-102.57,180,top
C43,10u 35v,C_0805_2012Metric,244.81,-99.56,180,top
C44,10u 35v,C_0805_2012Metric,244.81,-96.55,180,top
C45,0.1uF,C_0402_1005Metric,253.6,-106.04,-90,top
C46,nf,C_0402_1005Metric,260.15,-98,-90,top
C47,10u 35v,C_0805_2012Metric,256,-116.02,180,top
C48,10u 35v,C_0805_2012Metric,256,-113.01,180,top
C49,10u 35v,C_0805_2012Metric,256,-110,180,top
C50,10u 35v,C_0805_2012Metric,259.6,-109.99,0,top
C51,10u 35v,C_0805_2012Metric,259.6,-113,0,top
C52,10u 35v,C_0805_2012Metric,259.6,-116.01,0,top
C53,0.1uF,C_0402_1005Metric,261.9,-107.65,-90,top
C54,nf,C_0402_1005Metric,258.68,-98.22,90,top
C55,1.2nF,C_0402_1005Metric,258.11,-96.7,0,top
C56,0.1uF,C_0402_1005Metric,185.453366,-294.969938,-90,top
C57,0.1uF,C_0402_1005Metric,180.830566,-290.836538,-90,top
C58,0.1uF,C_0402_1005Metric,178.265166,-288.161738,-90,top
C59,0.1uF,C_0402_1005Metric,176.258566,-285.460538,-90,top
C60,0.1uF,C_0402_1005Metric,173.397166,-282.704338,-90,top
C61,0.1uF,C_0402_1005Metric,170.457166,-279.999538,-90,top
C62,0.1uF,C_0402_1005Metric,168.207766,-276.944338,-90,top
C63,0.1uF,C_0402_1005Metric,169.16824,-272.331948,-90,top
C64,0.1uF,C_0402_1005Metric,176.037166,-268.527538,-90,top
C65,0.1uF,C_0402_1005Metric,182.176166,-264.768338,-90,top
C66,0.1uF,C_0402_1005Metric,163.643566,-275.104338,-90,top
C67,0.1uF,C_0402_1005Metric,158.697166,-277.174338,-90,top
C68,0.1uF,C_0402_1005Metric,152.585766,-277.831738,-90,top
C69,0.1uF,C_0402_1005Metric,148.140766,-275.945338,-90,top
C70,0.1uF,C_0402_1005Metric,143.857166,-273.764338,-90,top
C71,0.1uF,C_0402_1005Metric,137.396566,-270.484338,-90,top
C72,0.1uF,C_0402_1005Metric,132.189566,-269.646138,-90,top
C73,0.1uF,C_0402_1005Metric,125.847166,-270.864338,-90,top
C74,0.1uF,C_0402_1005Metric,80.973566,-278.814338,-90,top
C75,0.1uF,C_0402_1005Metric,81.465766,-271.652738,-90,top
C76,0.1uF,C_0402_1005Metric,78.168166,-267.054338,90,top
C77,0.1uF,C_0402_1005Metric,82.625766,-261.054338,90,top
C78,0.1uF,C_0402_1005Metric,81.900566,-254.695338,90,top
C79,0.1uF,C_0402_1005Metric,87.346566,-248.354338,-90,top
C80,0.1uF,C_0402_1005Metric,86.888966,-242.384338,-90,top
C81,0.1uF,C_0402_1005Metric,86.773166,-235.329738,-90,top
C82,0.1uF,C_0402_1005Metric,86.367966,-231.282338,-90,top
C83,0.1uF,C_0402_1005Metric,85.148766,-226.491538,-90,top
C84,0.1uF,C_0402_1005Metric,84.383166,-222.732538,-90,top
C85,0.1uF,C_0402_1005Metric,84.539766,-220.405338,-90,top
C86,0.1uF,C_0402_1005Metric,85.707566,-213.917338,-90,top
C87,0.1uF,C_0402_1005Metric,85.169566,-208.844338,-90,top
C88,0.1uF,C_0402_1005Metric,84.807166,-202.204338,-90,top
C89,0.1uF,C_0402_1005Metric,86.190166,-194.055738,-90,top
C90,0.1uF,C_0402_1005Metric,86.190166,-188.315338,-90,top
C91,0.1uF,C_0402_1005Metric,86.190166,-181.133938,-90,top
C92,0.1uF,C_0402_1005Metric,86.190166,-175.739738,-90,top
C93,0.1uF,C_0402_1005Metric,86.190166,-171.507338,-90,top
C94,0.1uF,C_0402_1005Metric,86.190166,-165.369338,-90,top
C95,0.1uF,C_0402_1005Metric,86.190166,-161.086538,-90,top
C96,0.1uF,C_0402_1005Metric,86.190166,-157.105538,-90,top
C97,0.1uF,C_0402_1005Metric,87.814566,-150.944338,90,top
C98,0.1uF,C_0402_1005Metric,95.894566,-151.104338,90,top
C99,0.1uF,C_0402_1005Metric,101.974566,-150.084338,90,top
C100,0.1uF,C_0402_1005Metric,109.406366,-146.624138,-90,top
C101,0.1uF,C_0402_1005Metric,110.751966,-143.026138,-90,top
C102,0.1uF,C_0402_1005Metric,111.615566,-139.012938,-90,top
C103,0.1uF,C_0402_1005Metric,112.428366,-135.159938,-90,top
C104,0.1uF,C_0402_1005Metric,113.444366,-130.024938,-90,top
C105,0.1uF,C_0402_1005Metric,115.018566,-126.414538,-90,top
C106,0.1uF,C_0402_1005Metric,117.787766,-122.858538,-90,top
C107,0.1uF,C_0402_1005Metric,121.394566,-119.302538,-90,top
C108,0.1uF,C_0402_1005Metric,125.230566,-116.652138,-90,top
C109,0.1uF,C_0402_1005Metric,128.467166,-113.784338,-90,top
C110,0.1uF,C_0402_1005Metric,131.307166,-110.764338,-90,top
C111,0.1uF,C_0402_1005Metric,134.387166,-106.654338,-90,top
C112,0.1uF,C_0402_1005Metric,137.007166,-101.284338,-90,top
C113,0.1uF,C_0402_1005Metric,138.247166,-96.924338,-90,top
C114,0.1uF,C_0402_1005Metric,138.557166,-92.774338,-90,top
C115,0.1uF,C_0402_1005Metric,203.06,-165.575,-90,top
C116,0.1uF,C_0402_1005Metric,117.452166,-73.854338,-90,top
C117,0.1uF,C_0402_1005Metric,117.207166,-78.484338,-90,top
C118,0.1uF,C_0402_1005Metric,116.887166,-88.044338,-90,top
C119,0.1uF,C_0402_1005Metric,116.767166,-96.684338,-90,top
C120,0.1uF,C_0402_1005Metric,112.897166,-103.674338,90,top
C121,0.1uF,C_0402_1005Metric,101.877166,-73.664338,-90,top
C122,0.1uF,C_0402_1005Metric,101.887166,-77.264338,-90,top
C123,0.1uF,C_0402_1005Metric,101.887166,-80.914338,-90,top
C124,0.1uF,C_0402_1005Metric,102.452166,-84.724338,-90,top
C125,0.1uF,C_0402_1005Metric,104.352166,-88.524338,-90,top
C126,0.1uF,C_0402_1005Metric,107.507166,-93.864338,-90,top
C127,0.1uF,C_0402_1005Metric,109.467166,-97.464338,-90,top
C128,0.1uF,C_0402_1005Metric,111.912166,-103.294338,-90,top
C129,0.1uF,C_0402_1005Metric,112.817166,-107.494338,-90,top
C130,0.1uF,C_0402_1005Metric,111.437166,-113.344338,-90,top
C131,0.1uF,C_0402_1005Metric,107.612166,-116.404338,-90,top
C132,0.1uF,C_0402_1005Metric,107.612166,-120.654338,-90,top
C133,0.1uF,C_0402_1005Metric,108.167166,-126.264338,-90,top
C134,0.1uF,C_0402_1005Metric,108.167166,-130.654338,-90,top
C135,0.1uF,C_0402_1005Metric,107.257166,-135.794338,-90,top
C136,0.1uF,C_0402_1005Metric,105.022166,-139.074338,-90,top
C137,0.1uF,C_0402_1005Metric,101.547166,-141.704338,-90,top
C138,0.1uF,C_0402_1005Metric,93.837166,-144.014338,-90,top
C139,0.1uF,C_0402_1005Metric,89.587166,-144.014338,-90,top
C140,0.1uF,C_0402_1005Metric,87.247166,-85.304338,-90,top
C141,0.1uF,C_0402_1005Metric,87.022166,-90.744338,-90,top
C142,0.1uF,C_0402_1005Metric,84.847166,-96.534338,-90,top
C143,0.1uF,C_0402_1005Metric,84.847166,-102.484338,-90,top
C144,0.1uF,C_0402_1005Metric,84.847166,-107.274338,-90,top
C145,0.1uF,C_0402_1005Metric,84.847166,-110.814338,-90,top
C146,0.1uF,C_0402_1005Metric,84.847166,-114.364338,-90,top
C147,0.1uF,C_0402_1005Metric,84.847166,-118.264338,-90,top
C148,0.1uF,C_0402_1005Metric,84.847166,-121.914338,-90,top
C149,0.1uF,C_0402_1005Metric,84.847166,-125.494338,-90,top
C150,0.1uF,C_0402_1005Metric,84.847166,-129.674338,-90,top
C151,0.1uF,C_0402_1005Metric,85.967166,-138.014338,-90,top
C152,0.1uF,C_0402_1005Metric,86.287166,-141.624338,-90,top
C153,0.1uF,C_0402_1005Metric,87.387166,-148.554338,-90,top
C154,0.1uF,C_0402_1005Metric,206.5,-165.575,-90,top
C155,0.1uF,C_0402_1005Metric,244.727166,-299.174338,-90,top
C156,0.1uF,C_0402_1005Metric,246.907166,-295.374338,-90,top
C157,0.1uF,C_0402_1005Metric,249.067166,-291.294338,-90,top
C158,0.1uF,C_0402_1005Metric,250.397166,-287.094338,-90,top
C159,0.1uF,C_0402_1005Metric,255.922166,-277.324338,-90,top
C160,0.1uF,C_0402_1005Metric,257.572166,-274.564338,-90,top
C161,0.1uF,C_0402_1005Metric,260.557166,-271.794338,-90,top
C162,0.1uF,C_0402_1005Metric,262.697166,-268.544338,-90,top
C163,0.1uF,C_0402_1005Metric,263.937166,-264.954338,-90,top
C164,0.1uF,C_0402_1005Metric,264.347166,-262.354338,-90,top
C165,0.1uF,C_0402_1005Metric,245.807166,-272.944338,-90,top
C166,0.1uF,C_0402_1005Metric,235.047166,-240.214338,-90,top
C167,0.1uF,C_0402_1005Metric,233.022166,-233.774338,-90,top
C168,0.1uF,C_0402_1005Metric,233.197166,-229.944338,-90,top
C169,0.1uF,C_0402_1005Metric,228.097166,-215.014338,-90,top
C170,0.1uF,C_0402_1005Metric,231.717166,-211.894338,-90,top
C171,0.1uF,C_0402_1005Metric,235.447166,-208.704338,-90,top
C172,0.1uF,C_0402_1005Metric,218.632166,-219.894338,90,top
C173,0.1uF,C_0402_1005Metric,216.157166,-222.514338,90,top
C174,0.1uF,C_0402_1005Metric,213.772166,-226.024338,90,top
C175,0.1uF,C_0402_1005Metric,211.137166,-230.844338,90,top
C176,0.1uF,C_0402_1005Metric,207.932166,-234.914338,90,top
C177,0.1uF,C_0402_1005Metric,204.362166,-238.184338,90,top
C178,0.1uF,C_0402_1005Metric,199.947166,-241.254338,90,top
C179,0.1uF,C_0402_1005Metric,198.967166,-241.254338,-90,top
C180,0.1uF,C_0402_1005Metric,190.242166,-240.194338,-90,top
C181,0.1uF,C_0402_1005Metric,180.457166,-245.004338,90,top
C182,0.1uF,C_0402_1005Metric,175.397166,-248.704338,90,top
C183,0.1uF,C_0402_1005Metric,169.862166,-252.854338,90,top
C184,0.1uF,C_0402_1005Metric,162.557166,-258.044338,90,top
C185,0.1uF,C_0402_1005Metric,158.827166,-260.834338,90,top
C186,0.1uF,C_0402_1005Metric,154.122166,-263.404338,90,top
C187,0.1uF,C_0402_1005Metric,149.447166,-266.294338,-90,top
C188,0.1uF,C_0402_1005Metric,145.122166,-268.524338,-90,top
C189,0.1uF,C_0402_1005Metric,134.327166,-273.614338,-90,top
C190,0.1uF,C_0402_1005Metric,128.222166,-267.024338,-90,top
C191,0.1uF,C_0402_1005Metric,118.997166,-262.444338,-90,top
C192,0.1uF,C_0402_1005Metric,85.372166,-266.784338,-90,top
C193,0.1uF,C_0402_1005Metric,74.547166,-258.434338,-90,top
C194,0.1uF,C_0402_1005Metric,70.577166,-265.374338,90,top
C195,0.1uF,C_0402_1005Metric,74.017166,-251.974338,-90,top
C196,0.1uF,C_0402_1005Metric,73.927166,-248.734338,-90,top
C197,0.1uF,C_0402_1005Metric,73.567166,-239.794338,-90,top
C198,0.1uF,C_0402_1005Metric,55.527166,-231.394338,-90,top
C199,0.1uF,C_0402_1005Metric,54.957166,-225.774338,-90,top
C200,0.1uF,C_0402_1005Metric,54.927166,-219.354338,-90,top
C201,0.1uF,C_0402_1005Metric,54.867166,-213.554338,-90,top
C202,0.1uF,C_0402_1005Metric,55.047166,-209.304338,-90,top
C203,0.1uF,C_0402_1005Metric,63.772166,-206.224338,-90,top
C204,0.1uF,C_0402_1005Metric,80.837166,-206.224338,-90,top
C205,0.1uF,C_0402_1005Metric,88.297166,-206.224338,-90,top
C206,0.1uF,C_0402_1005Metric,111.847166,-206.224338,-90,top
C207,0.1uF,C_0402_1005Metric,117.252166,-203.794338,-90,top
C208,0.1uF,C_0402_1005Metric,144.432166,-188.504338,-90,top
C209,0.1uF,C_0402_1005Metric,187.427166,-192.034338,90,top
C210,0.1uF,C_0402_1005Metric,203.997166,-190.534338,-90,top
C211,0.1uF,C_0402_1005Metric,146.477166,-192.614338,90,top
C212,0.1uF,C_0402_1005Metric,213.117166,-190.154338,-90,top
C213,0.1uF,C_0402_1005Metric,221.277166,-190.084338,-90,top
C214,0.1uF,C_0402_1005Metric,225.687166,-193.414338,-90,top
C215,0.1uF,C_0402_1005Metric,235.177166,-194.144338,-90,top
C216,0.1uF,C_0402_1005Metric,239.277166,-190.234338,-90,top
C217,0.1uF,C_0402_1005Metric,74.917166,-297.854338,-90,top
C218,0.1uF,C_0402_1005Metric,75.417166,-300.474338,-90,top
C219,0.1uF,C_0402_1005Metric,76.617166,-303.064338,-90,top
C220,0.1uF,C_0402_1005Metric,78.097166,-305.694338,-90,top
C221,0.1uF,C_0402_1005Metric,74.067166,-312.804338,-90,top
C222,0.1uF,C_0402_1005Metric,73.437166,-316.044338,-90,top
C223,0.1uF,C_0402_1005Metric,73.287166,-317.974338,-90,top
C224,0.1uF,C_0402_1005Metric,70.067166,-320.964338,-90,top
C225,0.1uF,C_0402_1005Metric,69.187166,-322.874338,-90,top
C226,0.1uF,C_0402_1005Metric,67.147166,-326.124338,-90,top
C227,0.1uF,C_0402_1005Metric,64.977166,-328.134338,-90,top
C228,0.1uF,C_0402_1005Metric,61.3,-330.5,180,top
C229,0.1uF,C_0402_1005Metric,58,-333.3,180,top
C230,0.1uF,C_0402_1005Metric,54.627166,-337.684338,-90,top
C231,0.1uF,C_0402_1005Metric,51.317166,-340.364338,-90,top
C232,0.1uF,C_0402_1005Metric,48.257166,-343.534338,-90,top
C233,0.1uF,C_0402_1005Metric,45.197166,-346.924338,-90,top
C234,0.1uF,C_0402_1005Metric,41.887166,-349.124338,-90,top
C235,0.1uF,C_0402_1005Metric,38.517166,-351.134338,-90,top
C236,0.1uF,C_0402_1005Metric,34.027166,-352.874338,-90,top
C237,0.1uF,C_0402_1005Metric,31.577166,-355.354338,-90,top
C238,0.1uF,C_0402_1005Metric,47.587166,-110.304338,-90,top
C239,0.1uF,C_0402_1005Metric,44.847166,-114.974338,-90,top
C240,0.1uF,C_0402_1005Metric,42.887166,-118.994338,-90,top
C241,0.1uF,C_0402_1005Metric,42.227166,-122.994338,-90,top
C242,0.1uF,C_0402_1005Metric,43.957166,-128.124338,-90,top
C243,0.1uF,C_0402_1005Metric,47.437166,-132.924338,-90,top
C244,0.1uF,C_0402_1005Metric,50.377166,-135.974338,-90,top
C245,0.1uF,C_0402_1005Metric,54.007166,-140.784338,-90,top
C246,0.1uF,C_0402_1005Metric,55.267166,-147.284338,-90,top
C247,0.1uF,C_0402_1005Metric,55.267166,-152.664338,-90,top
C248,0.1uF,C_0402_1005Metric,55.267166,-156.734338,-90,top
C249,0.1uF,C_0402_1005Metric,55.267166,-161.084338,-90,top
C250,0.1uF,C_0402_1005Metric,55.267166,-164.754338,-90,top
C251,0.1uF,C_0402_1005Metric,55.267166,-170.954338,-90,top
C252,0.1uF,C_0402_1005Metric,55.267166,-176.364338,-90,top
C253,0.1uF,C_0402_1005Metric,55.267166,-181.514338,-90,top
C254,0.1uF,C_0402_1005Metric,55.267166,-185.144338,-90,top
C255,0.1uF,C_0402_1005Metric,55.267166,-190.754338,-90,top
C256,0.1uF,C_0402_1005Metric,50.067166,-202.864338,90,top
C257,0.1uF,C_0402_1005Metric,210.742166,-244.354338,-90,top
C258,0.1uF,C_0402_1005Metric,203.987166,-246.924338,90,top
C259,0.1uF,C_0402_1005Metric,205.887166,-249.544338,-90,top
C260,0.1uF,C_0402_1005Metric,200.642166,-253.134338,-90,top
C261,0.1uF,C_0402_1005Metric,197.757166,-256.464338,-90,top
C262,0.1uF,C_0402_1005Metric,194.297166,-259.464338,-90,top
C263,0.1uF,C_0402_1005Metric,188.157166,-262.074338,-90,top
C264,0.1uF,C_0402_1005Metric,116.827166,-268.014338,-90,top
C265,0.1uF,C_0402_1005Metric,87.322166,-271.304338,-90,top
C266,0.1uF,C_0402_1005Metric,88.557166,-268.714338,-90,top
C267,0.1uF,C_0402_1005Metric,77.547166,-262.564338,-90,top
C268,0.1uF,C_0402_1005Metric,77.822166,-282.154338,90,top
C269,0.1uF,C_0402_1005Metric,71.647166,-272.974338,-90,top
C270,0.1uF,C_0402_1005Metric,71.647166,-268.434338,-90,top
C271,0.1uF,C_0402_1005Metric,70.247166,-258.464338,-90,top
C272,0.1uF,C_0402_1005Metric,71.037166,-254.754338,-90,top
C273,0.1uF,C_0402_1005Metric,69.402166,-251.454338,-90,top
C274,0.1uF,C_0402_1005Metric,68.487166,-245.894338,-90,top
C275,0.1uF,C_0402_1005Metric,65.567166,-239.154338,-90,top
C276,0.1uF,C_0402_1005Metric,65.567166,-232.154338,-90,top
C277,0.1uF,C_0402_1005Metric,65.567166,-228.734338,-90,top
C278,0.1uF,C_0402_1005Metric,65.567166,-225.794338,-90,top
C279,0.1uF,C_0402_1005Metric,65.567166,-222.724338,-90,top
C280,0.1uF,C_0402_1005Metric,65.567166,-219.294338,-90,top
C281,0.1uF,C_0402_1005Metric,65.567166,-214.124338,-90,top
C282,0.1uF,C_0402_1005Metric,58.032166,-210.204338,90,top
C283,0.1uF,C_0402_1005Metric,57.307166,-202.184338,-90,top
C284,0.1uF,C_0402_1005Metric,51.317166,-195.534338,-90,top
C285,0.1uF,C_0402_1005Metric,49.597166,-190.854338,-90,top
C286,0.1uF,C_0402_1005Metric,48.637166,-186.094338,-90,top
C287,0.1uF,C_0402_1005Metric,48.637166,-181.524338,-90,top
C288,0.1uF,C_0402_1005Metric,48.637166,-176.414338,-90,top
C289,0.1uF,C_0402_1005Metric,48.587166,-171.034338,-90,top
C290,0.1uF,C_0402_1005Metric,47.907166,-164.754338,-90,top
C291,0.1uF,C_0402_1005Metric,47.437166,-160.834338,-90,top
C292,0.1uF,C_0402_1005Metric,47.437166,-156.294338,-90,top
C293,0.1uF,C_0402_1005Metric,47.437166,-151.684338,-90,top
C294,0.1uF,C_0402_1005Metric,47.437166,-147.104338,-90,top
C295,0.1uF,C_0402_1005Metric,47.437166,-139.884338,-90,top
C296,0.1uF,C_0402_1005Metric,47.857166,-122.894338,-90,top
C297,0.1uF,C_0402_1005Metric,48.597166,-118.474338,-90,top
C298,0.1uF,C_0402_1005Metric,49.667166,-114.954338,-90,top
C299,0.1uF,C_0402_1005Metric,51.717166,-110.304338,-90,top
C300,0.1uF,C_0402_1005Metric,53.117166,-106.824338,-90,top
C301,0.1uF,C_0402_1005Metric,63.347166,-98.784338,-90,top
C302,0.1uF,C_0402_1005Metric,64.497166,-95.304338,-90,top
C303,0.1uF,C_0402_1005Metric,64.847166,-91.524338,-90,top
C304,0.1uF,C_0402_1005Metric,63.317166,-84.534338,-90,top
C305,0.1uF,C_0402_1005Metric,72.727166,-164.904338,-90,top
C306,0.1uF,C_0402_1005Metric,72.727166,-161.024338,-90,top
C307,0.1uF,C_0402_1005Metric,72.727166,-157.004338,-90,top
C308,0.1uF,C_0402_1005Metric,72.727166,-152.464338,-90,top
C309,0.1uF,C_0402_1005Metric,69.1,-145.8,180,top
C310,0.1uF,C_0402_1005Metric,66.837166,-144.644338,-90,top
C311,0.1uF,C_0402_1005Metric,101.937166,-69.534338,-90,top
C312,0.1uF,C_0402_1005Metric,210.1,-165.575,-90,top
C313,0.1uF,C_0402_1005Metric,142.737166,-336.314338,-90,top
C314,0.1uF,C_0402_1005Metric,141.707166,-332.724338,-90,top
C315,0.1uF,C_0402_1005Metric,140.297166,-328.294338,-90,top
C316,0.1uF,C_0402_1005Metric,139.597166,-324.014338,-90,top
C317,0.1uF,C_0402_1005Metric,139.737166,-318.054338,-90,top
C318,0.1uF,C_0402_1005Metric,139.657166,-314.254338,-90,top
C319,0.1uF,C_0402_1005Metric,139.837166,-309.554338,-90,top
C320,0.1uF,C_0402_1005Metric,139.867166,-305.204338,-90,top
C321,0.1uF,C_0402_1005Metric,139.907166,-297.764338,-90,top
C322,0.1uF,C_0402_1005Metric,139.977166,-292.194338,-90,top
C323,0.1uF,C_0402_1005Metric,141.267166,-284.034338,-90,top
C324,0.1uF,C_0402_1005Metric,140.147166,-280.384338,-90,top
C325,0.1uF,C_0402_1005Metric,139.287166,-274.604338,-90,top
C326,0.1uF,C_0402_1005Metric,144.527166,-271.134338,-90,top
C327,0.1uF,C_0402_1005Metric,152.897166,-275.204338,-90,top
C328,0.1uF,C_0402_1005Metric,159.132166,-284.064338,90,top
C329,0.1uF,C_0402_1005Metric,161.337166,-290.844338,90,top
C330,0.1uF,C_0402_1005Metric,163.357166,-295.054338,90,top
C331,0.1uF,C_0402_1005Metric,164.732166,-297.754338,90,top
C332,0.1uF,C_0402_1005Metric,166.487166,-300.314338,90,top
C333,0.1uF,C_0402_1005Metric,169.607166,-302.454338,90,top
C334,0.1uF,C_0402_1005Metric,171.197166,-305.064338,90,top
C335,0.1uF,C_0402_1005Metric,175.517166,-309.504338,90,top
C336,0.1uF,C_0402_1005Metric,179.532166,-313.624338,90,top
C337,0.1uF,C_0402_1005Metric,184.627166,-318.404338,90,top
C338,0.1uF,C_0402_1005Metric,188.777166,-323.214338,90,top
C339,0.1uF,C_0402_1005Metric,191.257166,-325.874338,90,top
C340,0.1uF,C_0402_1005Metric,193.747166,-328.434338,90,top
C341,0.1uF,C_0402_1005Metric,194.832166,-331.784338,90,top
C342,0.1uF,C_0402_1005Metric,196.917166,-334.714338,-90,top
C343,0.1uF,C_0402_1005Metric,190.517166,-339.064338,-90,top
C344,0.1uF,C_0402_1005Metric,186.992166,-341.734338,-90,top
C345,0.1uF,C_0402_1005Metric,185.307166,-333.804338,-90,top
C346,0.1uF,C_0402_1005Metric,183.262166,-331.214338,-90,top
C347,0.1uF,C_0402_1005Metric,177.197166,-325.814338,-90,top
C348,0.1uF,C_0402_1005Metric,173.817166,-322.734338,-90,top
C349,0.1uF,C_0402_1005Metric,170.707166,-320.804338,-90,top
C350,0.1uF,C_0402_1005Metric,164.72,-319.3,180,top
C351,0.1uF,C_0402_1005Metric,156.197166,-320.684338,-90,top
C352,0.1uF,C_0402_1005Metric,150.567166,-320.634338,-90,top
C353,0.1uF,C_0402_1005Metric,144.277166,-320.374338,-90,top
C354,0.1uF,C_0402_1005Metric,138.247166,-264.614338,-90,top
C355,0.1uF,C_0402_1005Metric,124.127166,-268.964338,-90,top
C356,0.1uF,C_0402_1005Metric,85.022166,-279.9,90,top
C357,0.1uF,C_0402_1005Metric,76.727166,-272.994338,-90,top
C358,0.1uF,C_0402_1005Metric,77.147166,-269.314338,-90,top
C359,0.1uF,C_0402_1005Metric,81.632166,-258.974338,-90,top
C360,0.1uF,C_0402_1005Metric,82.697166,-252.074338,-90,top
C361,0.1uF,C_0402_1005Metric,83.067166,-247.634338,-90,top
C362,0.1uF,C_0402_1005Metric,82.582166,-235.054338,-90,top
C363,0.1uF,C_0402_1005Metric,82.287166,-230.624338,-90,top
C364,0.1uF,C_0402_1005Metric,80.382166,-226.374338,-90,top
C365,0.1uF,C_0402_1005Metric,77.732166,-222.754338,-90,top
C366,0.1uF,C_0402_1005Metric,73.707166,-219.644338,-90,top
C367,0.1uF,C_0402_1005Metric,65.232166,-209.674338,-90,top
C368,0.1uF,C_0402_1005Metric,64.927166,-203.214338,-90,top
C369,0.1uF,C_0402_1005Metric,81.467166,-197.334338,90,top
C370,0.1uF,C_0402_1005Metric,91.287166,-190.914338,-90,top
C371,0.1uF,C_0402_1005Metric,91.247166,-181.174338,-90,top
C372,0.1uF,C_0402_1005Metric,91.347166,-175.634338,-90,top
C373,0.1uF,C_0402_1005Metric,213.55,-165.6,-90,top
C374,0.1uF,C_0402_1005Metric,191.527166,-188.784338,-90,top
C375,0.1uF,C_0402_1005Metric,179.987166,-190.984338,90,top
C376,0.1uF,C_0402_1005Metric,173.352166,-191.567646,90,top
C377,0.1uF,C_0402_1005Metric,164.892166,-192.324338,90,top
C378,0.1uF,C_0402_1005Metric,158.652166,-192.604338,90,top
C379,0.1uF,C_0402_1005Metric,151.592166,-191.444338,90,top
C380,0.1uF,C_0402_1005Metric,151.537166,-189.344338,-90,top
C381,0.1uF,C_0402_1005Metric,134.102166,-188.044338,90,top
C382,0.1uF,C_0402_1005Metric,128.747166,-187.774338,90,top
C383,0.1uF,C_0402_1005Metric,127.762166,-187.784338,-90,top
C384,0.1uF,C_0402_1005Metric,123.697166,-194.284338,-90,top
C385,0.1uF,C_0402_1005Metric,116.852166,-201.274338,-90,top
C386,0.1uF,C_0402_1005Metric,119.517166,-170.094338,-90,top
C387,0.1uF,C_0402_1005Metric,119.617166,-176.044338,-90,top
C388,0.1uF,C_0402_1005Metric,119.627166,-181.244338,-90,top
C389,0.1uF,C_0402_1005Metric,119.477166,-186.774338,-90,top
C390,0.1uF,C_0402_1005Metric,119.327166,-190.754338,-90,top
C391,0.1uF,C_0402_1005Metric,118.547166,-195.524338,-90,top
C392,0.1uF,C_0402_1005Metric,115.482166,-198.704338,-90,top
C393,0.1uF,C_0402_1005Metric,88.922166,-201.114338,-90,top
C394,0.1uF,C_0402_1005Metric,80.697166,-201.394338,-90,top
C395,0.1uF,C_0402_1005Metric,217.1,-165.575,-90,top
C396,0.1uF,C_0402_1005Metric,182.957166,-337.494338,-90,top
C397,0.1uF,C_0402_1005Metric,177.772166,-334.274338,-90,top
C398,0.1uF,C_0402_1005Metric,173.397166,-333.414338,-90,top
C399,0.1uF,C_0402_1005Metric,169.132166,-332.964338,-90,top
C400,0.1uF,C_0402_1005Metric,165.037166,-332.824338,-90,top
C401,0.1uF,C_0402_1005Metric,164.097166,-329.714338,-90,top
C402,0.1uF,C_0402_1005Metric,162.097166,-326.214338,-90,top
C403,0.1uF,C_0402_1005Metric,160.322166,-321.574338,-90,top
C404,0.1uF,C_0402_1005Metric,156.332166,-316.624338,-90,top
C405,0.1uF,C_0402_1005Metric,155.422166,-313.014338,-90,top
C406,0.1uF,C_0402_1005Metric,152.452166,-309.504338,-90,top
C407,0.1uF,C_0402_1005Metric,148.252166,-307.984338,-90,top
C408,0.1uF,C_0402_1005Metric,146.5,-288.2,-90,top
C409,0.1uF,C_0402_1005Metric,149.322166,-289.164338,90,top
C410,0.1uF,C_0402_1005Metric,155.567166,-298.004338,90,top
C411,0.1uF,C_0402_1005Metric,157.297166,-302.964338,90,top
C412,0.1uF,C_0402_1005Metric,161.417166,-307.934338,90,top
C413,0.1uF,C_0402_1005Metric,163.412166,-310.524338,90,top
C414,0.1uF,C_0402_1005Metric,166.597166,-312.554338,90,top
C415,0.1uF,C_0402_1005Metric,168.672166,-315.414338,90,top
C416,0.1uF,C_0402_1005Metric,177.787166,-319.264338,-90,top
C417,0.1uF,C_0402_1005Metric,180.827166,-322.074338,-90,top
C418,0.1uF,C_0402_1005Metric,182.467166,-324.714338,-90,top
C419,0.1uF,C_0402_1005Metric,186.157166,-328.464338,-90,top
C420,0.1uF,C_0402_1005Metric,190.497166,-331.444338,-90,top
C421,0.1uF,C_0402_1005Metric,191.777166,-335.184338,-90,top
C422,0.1uF,C_0402_1005Metric,137.052166,-284.984338,-90,top
C423,0.1uF,C_0402_1005Metric,131.3,-283,90,top
C424,0.1uF,C_0402_1005Metric,128.827166,-282.554338,-90,top
C425,0.1uF,C_0402_1005Metric,128.797166,-278.594338,-90,top
C426,0.1uF,C_0402_1005Metric,123.597166,-256.674338,-90,top
C427,0.1uF,C_0402_1005Metric,101.642166,-253.054338,-90,top
C428,0.1uF,C_0402_1005Metric,100.047166,-247.844338,-90,top
C429,0.1uF,C_0402_1005Metric,127.007666,-243.335038,90,top
C430,0.1uF,C_0402_1005Metric,133.497166,-242.904338,90,top
C431,0.1uF,C_0402_1005Metric,143.702166,-241.464338,-90,top
C432,0.1uF,C_0402_1005Metric,147.917166,-241.634338,-90,top
C433,0.1uF,C_0402_1005Metric,157.937166,-240.824338,-90,top
C434,0.1uF,C_0402_1005Metric,165.027166,-235.914338,-90,top
C435,0.1uF,C_0402_1005Metric,168.217166,-232.484338,-90,top
C436,0.1uF,C_0402_1005Metric,170.072166,-228.974338,-90,top
C437,0.1uF,C_0402_1005Metric,172.477166,-223.994338,-90,top
C438,0.1uF,C_0402_1005Metric,173.307166,-219.904338,-90,top
C439,0.1uF,C_0402_1005Metric,173.227166,-216.374338,-90,top
C440,0.1uF,C_0402_1005Metric,173.527166,-212.554338,-90,top
C441,0.1uF,C_0402_1005Metric,95.117166,-244.774338,-90,top
C442,0.1uF,C_0402_1005Metric,94.507166,-251.924338,-90,top
C443,0.1uF,C_0402_1005Metric,86.897166,-244.994338,-90,top
C444,0.1uF,C_0402_1005Metric,73.767166,-231.374338,-90,top
C445,0.1uF,C_0402_1005Metric,73.797166,-226.474338,-90,top
C446,0.1uF,C_0402_1005Metric,73.817166,-215.054338,-90,top
C447,0.1uF,C_0402_1005Metric,73.717166,-210.484338,-90,top
C448,0.1uF,C_0402_1005Metric,73.757166,-203.524338,-90,top
C449,0.1uF,C_0402_1005Metric,95.387166,-90.334338,-90,top
C450,0.1uF,C_0402_1005Metric,89.137166,-96.544338,-90,top
C451,0.1uF,C_0402_1005Metric,89.577166,-101.904338,-90,top
C452,0.1uF,C_0402_1005Metric,89.617166,-106.474338,-90,top
C453,0.1uF,C_0402_1005Metric,89.257166,-110.834338,-90,top
C454,0.1uF,C_0402_1005Metric,89.537166,-115.104338,-90,top
C455,0.1uF,C_0402_1005Metric,89.547166,-119.484338,-90,top
C456,0.1uF,C_0402_1005Metric,89.507166,-124.844338,-90,top
C457,0.1uF,C_0402_1005Metric,89.172166,-129.794338,-90,top
C458,0.1uF,C_0402_1005Metric,85.827166,-135.394338,-90,top
C459,0.1uF,C_0402_1005Metric,59.147166,-140.744338,-90,top
C460,0.1uF,C_0402_1005Metric,111.282166,-197.674338,-90,top
C461,0.1uF,C_0402_1005Metric,98.82,-195.8,180,top
C462,0.1uF,C_0402_1005Metric,238.737166,-174.404338,-90,top
C463,0.1uF,C_0402_1005Metric,235.067166,-178.364338,-90,top
C464,0.1uF,C_0402_1005Metric,232.017166,-182.204338,-90,top
C465,0.1uF,C_0402_1005Metric,228.387166,-185.934338,-90,top
C466,0.1uF,C_0402_1005Metric,48.587166,-219.344338,-90,top
C467,0.1uF,C_0402_1005Metric,81.212166,-214.384338,-90,top
C468,0.1uF,C_0402_1005Metric,108.157166,-214.924338,-90,top
C469,0.1uF,C_0402_1005Metric,115.347166,-214.914338,-90,top
C470,0.1uF,C_0402_1005Metric,115.037166,-208.224338,-90,top
C471,0.1uF,C_0402_1005Metric,120.852166,-201.144338,90,top
C472,0.1uF,C_0402_1005Metric,129.622166,-200.924338,-90,top
C473,0.1uF,C_0402_1005Metric,130.967166,-198.264338,90,top
C474,0.1uF,C_0402_1005Metric,138.237166,-196.704338,-90,top
C475,0.1uF,C_0402_1005Metric,141.557166,-193.864338,-90,top
C476,0.1uF,C_0402_1005Metric,145.327166,-191.054338,-90,top
C477,0.1uF,C_0402_1005Metric,148.837166,-186.334338,-90,top
C478,0.1uF,C_0402_1005Metric,153.217166,-184.244338,-90,top
C479,0.1uF,C_0402_1005Metric,157.252166,-181.414338,-90,top
C480,0.1uF,C_0402_1005Metric,159.947166,-178.684338,-90,top
C481,0.1uF,C_0402_1005Metric,162.747166,-175.944338,-90,top
C482,0.1uF,C_0402_1005Metric,166.537166,-171.074338,-90,top
C483,0.1uF,C_0402_1005Metric,169.307166,-166.854338,-90,top
C484,0.1uF,C_0402_1005Metric,174.147166,-159.464338,-90,top
C485,0.1uF,C_0402_1005Metric,176.9625,-146.2,180,top
C486,0.1uF,C_0402_1005Metric,113.437166,-212.154338,-90,top
C487,0.1uF,C_0402_1005Metric,121.217166,-225.274338,-90,top
C488,0.1uF,C_0402_1005Metric,125.852166,-229.144338,-90,top
C489,0.1uF,C_0402_1005Metric,131.127166,-234.224338,-90,top
C490,0.1uF,C_0402_1005Metric,136.447166,-239.614338,90,top
C491,0.1uF,C_0402_1005Metric,144.642166,-245.254338,-90,top
C492,0.1uF,C_0402_1005Metric,150.127166,-249.504338,-90,top
C493,0.1uF,C_0402_1005Metric,154.117166,-256.034338,-90,top
C494,0.1uF,C_0402_1005Metric,146.282166,-260.534338,90,top
C495,0.1uF,C_0402_1005Metric,146.482166,-263.424338,-90,top
C496,0.1uF,C_0402_1005Metric,141.907166,-266.584338,-90,top
C497,0.1uF,C_0402_1005Metric,176.9625,-149.7,180,top
C498,0.1uF,C_0402_1005Metric,162.957166,-279.444338,-90,top
C499,0.1uF,C_0402_1005Metric,160.787166,-272.454338,-90,top
C500,0.1uF,C_0402_1005Metric,210.947166,-268.264338,-90,top
C501,0.1uF,C_0402_1005Metric,210.377166,-262.304338,-90,top
C502,0.1uF,C_0402_1005Metric,208.587166,-257.954338,-90,top
C503,0.1uF,C_0402_1005Metric,205.377166,-253.454338,-90,top
C504,0.1uF,C_0402_1005Metric,200.327166,-249.244338,-90,top
C505,0.1uF,C_0402_1005Metric,193.972166,-243.834338,-90,top
C506,0.1uF,C_0402_1005Metric,184.497166,-236.214338,-90,top
C507,0.1uF,C_0402_1005Metric,181.717166,-233.424338,-90,top
C508,0.1uF,C_0402_1005Metric,177.227166,-229.704338,-90,top
C509,0.1uF,C_0402_1005Metric,163.332166,-228.584338,-90,top
C510,0.1uF,C_0402_1005Metric,158.217166,-228.954338,-90,top
C511,0.1uF,C_0402_1005Metric,150.442166,-233.184338,-90,top
C512,0.1uF,C_0402_1005Metric,146.227166,-233.074338,-90,top
C513,0.1uF,C_0402_1005Metric,141.492166,-231.304338,-90,top
C514,0.1uF,C_0402_1005Metric,137.217166,-230.944338,-90,top
C515,0.1uF,C_0402_1005Metric,131.622166,-231.624338,-90,top
C516,0.1uF,C_0402_1005Metric,120.892166,-231.444338,-90,top
C517,0.1uF,C_0402_1005Metric,97.047166,-231.294338,-90,top
C518,0.1uF,C_0402_1005Metric,92.727166,-231.264338,-90,top
C519,0.1uF,C_0402_1005Metric,220.7,-165.575,-90,top
C520,0.1uF,C_0402_1005Metric,85.172166,-274.844338,-90,top
C521,0.1uF,C_0402_1005Metric,86.122166,-264.154338,-90,top
C522,0.1uF,C_0402_1005Metric,89.107166,-257.764338,-90,top
C523,0.1uF,C_0402_1005Metric,89.077166,-253.154338,-90,top
C524,0.1uF,C_0402_1005Metric,92.547166,-249.234338,-90,top
C525,0.1uF,C_0402_1005Metric,101.147166,-250.474338,-90,top
C526,0.1uF,C_0402_1005Metric,165.097166,-240.684338,-90,top
C527,0.1uF,C_0402_1005Metric,172.707166,-240.404338,-90,top
C528,0.1uF,C_0402_1005Metric,177.672166,-240.044338,-90,top
C529,0.1uF,C_0402_1005Metric,182.177166,-240.064338,-90,top
C530,0.1uF,C_0402_1005Metric,193.837166,-237.594338,-90,top
C531,0.1uF,C_0402_1005Metric,197.707166,-235.004338,-90,top
C532,0.1uF,C_0402_1005Metric,200.817166,-232.404338,-90,top
C533,0.1uF,C_0402_1005Metric,202.612166,-229.764338,-90,top
C534,0.1uF,C_0402_1005Metric,203.167166,-226.644338,-90,top
C535,0.1uF,C_0402_1005Metric,201.637166,-223.084338,-90,top
C536,0.1uF,C_0402_1005Metric,203.097166,-219.364338,-90,top
C537,0.1uF,C_0402_1005Metric,205.767166,-216.614338,-90,top
C538,0.1uF,C_0402_1005Metric,208.877166,-213.424338,-90,top
C539,0.1uF,C_0402_1005Metric,213.387166,-209.244338,-90,top
C540,0.1uF,C_0402_1005Metric,217.097166,-205.574338,-90,top
C541,0.1uF,C_0402_1005Metric,220.457166,-202.324338,-90,top
C542,0.1uF,C_0402_1005Metric,224.1,-165.575,-90,top
D1,MBR230S1F-7,D_SOD-123F,259.8225,-141.53,0,top
D2,MBR230S1F-7,D_SOD-123F,173.7175,-138.4,180,top
D3,RED,LED_0603_1608Metric,267.82,-188.25,180,top
D4,RED,LED_0603_1608Metric,267.8,-181.5,180,top
D5,D_Schottky,D_SMB,257.22,-153.98,0,top
D6,RED,LED_0603_1608Metric,267.8,-184.875,180,top
D7,RED,LED_0603_1608Metric,267.8,-191.47,180,top
D9,WS2812B,LED_WS2812B-2020_PLCC4_2.0x2.0mm,183.395966,-295.309938,0,top
D10,WS2812B,LED_WS2812B-2020_PLCC4_2.0x2.0mm,178.785566,-291.176538,0,top
D11,WS2812B,LED_WS2812B-2020_PLCC4_2.0x2.0mm,176.234366,-288.501738,0,top
D12,WS2812B,LED_WS2812B-2020_PLCC4_2.0x2.0mm,174.226566,-285.800538,0,top
D13,WS2812B,LED_WS2812B-2020_PLCC4_2.0x2.0mm,171.355766,-283.040738,0,top
D14,WS2812B,LED_WS2812B-2020_PLCC4_2.0x2.0mm,168.409966,-280.339538,0,top
D15,WS2812B,LED_WS2812B-2020_PLCC4_2.0x2.0mm,166.172166,-277.284338,0,top
D16,WS2812B,LED_WS2812B-2020_PLCC4_2.0x2.0mm,167.13564,-272.670948,0,top
D17,WS2812B,LED_WS2812B-2020_PLCC4_2.0x2.0mm,173.998566,-268.867538,0,top
D18,WS2812B,LED_WS2812B-2020_PLCC4_2.0x2.0mm,180.144166,-265.108338,0,top
D19,WS2812B,LED_WS2812B-2020_PLCC4_2.0x2.0mm,161.612166,-275.444338,0,top
D20,WS2812B,LED_WS2812B-2020_PLCC4_2.0x2.0mm,156.652966,-277.514338,0,top
D21,WS2812B,LED_WS2812B-2020_PLCC4_2.0x2.0mm,150.503566,-278.171738,0,top
D22,WS2812B,LED_WS2812B-2020_PLCC4_2.0x2.0mm,146.083366,-276.285338,0,top
D23,WS2812B,LED_WS2812B-2020_PLCC4_2.0x2.0mm,141.822166,-274.104338,0,top
D24,WS2812B,LED_WS2812B-2020_PLCC4_2.0x2.0mm,135.363966,-270.823338,0,top
D25,WS2812B,LED_WS2812B-2020_PLCC4_2.0x2.0mm,130.156966,-269.986138,0,top
D26,WS2812B,LED_WS2812B-2020_PLCC4_2.0x2.0mm,123.792766,-271.204338,0,top
D27,WS2812B,LED_WS2812B-2020_PLCC4_2.0x2.0mm,78.942166,-279.154338,0,top
D28,WS2812B,LED_WS2812B-2020_PLCC4_2.0x2.0mm,79.433166,-271.991738,0,top
D29,WS2812B,LED_WS2812B-2020_PLCC4_2.0x2.0mm,80.197166,-267.394338,180,top
D30,WS2812B,LED_WS2812B-2020_PLCC4_2.0x2.0mm,84.657166,-260.714338,180,top
D31,WS2812B,LED_WS2812B-2020_PLCC4_2.0x2.0mm,83.929566,-254.355338,180,top
D32,WS2812B,LED_WS2812B-2020_PLCC4_2.0x2.0mm,85.292166,-248.694338,0,top
D33,WS2812B,LED_WS2812B-2020_PLCC4_2.0x2.0mm,84.832166,-242.724338,0,top
D34,WS2812B,LED_WS2812B-2020_PLCC4_2.0x2.0mm,84.716366,-235.669738,0,top
D35,WS2812B,LED_WS2812B-2020_PLCC4_2.0x2.0mm,84.335966,-231.622338,0,top
D36,WS2812B,LED_WS2812B-2020_PLCC4_2.0x2.0mm,83.094366,-226.831538,0,top
D37,WS2812B,LED_WS2812B-2020_PLCC4_2.0x2.0mm,82.328766,-223.071338,0,top
D38,WS2812B,LED_WS2812B-2020_PLCC4_2.0x2.0mm,82.456366,-220.065338,0,top
D39,WS2812B,LED_WS2812B-2020_PLCC4_2.0x2.0mm,83.678566,-214.257338,0,top
D40,WS2812B,LED_WS2812B-2020_PLCC4_2.0x2.0mm,83.112166,-208.504338,0,top
D41,WS2812B,LED_WS2812B-2020_PLCC4_2.0x2.0mm,82.775766,-202.544338,0,top
D42,WS2812B,LED_WS2812B-2020_PLCC4_2.0x2.0mm,84.157566,-194.395738,0,top
D43,WS2812B,LED_WS2812B-2020_PLCC4_2.0x2.0mm,84.157566,-188.654338,0,top
D44,WS2812B,LED_WS2812B-2020_PLCC4_2.0x2.0mm,84.157566,-181.473938,0,top
D45,WS2812B,LED_WS2812B-2020_PLCC4_2.0x2.0mm,84.157566,-176.079738,0,top
D46,WS2812B,LED_WS2812B-2020_PLCC4_2.0x2.0mm,84.157566,-171.847338,0,top
D47,WS2812B,LED_WS2812B-2020_PLCC4_2.0x2.0mm,84.157566,-165.709338,0,top
D48,WS2812B,LED_WS2812B-2020_PLCC4_2.0x2.0mm,84.157566,-161.425338,0,top
D49,WS2812B,LED_WS2812B-2020_PLCC4_2.0x2.0mm,84.157566,-157.445538,0,top
D50,WS2812B,LED_WS2812B-2020_PLCC4_2.0x2.0mm,89.847166,-150.604338,180,top
D51,WS2812B,LED_WS2812B-2020_PLCC4_2.0x2.0mm,97.927166,-150.764338,180,top
D52,WS2812B,LED_WS2812B-2020_PLCC4_2.0x2.0mm,104.007166,-149.744338,180,top
D53,WS2812B,LED_WS2812B-2020_PLCC4_2.0x2.0mm,107.373766,-146.964138,0,top
D54,WS2812B,LED_WS2812B-2020_PLCC4_2.0x2.0mm,108.719366,-143.366138,0,top
D55,WS2812B,LED_WS2812B-2020_PLCC4_2.0x2.0mm,109.582966,-139.352938,0,top
D56,WS2812B,LED_WS2812B-2020_PLCC4_2.0x2.0mm,110.395766,-135.499938,0,top
D57,WS2812B,LED_WS2812B-2020_PLCC4_2.0x2.0mm,111.411766,-130.364938,0,top
D58,WS2812B,LED_WS2812B-2020_PLCC4_2.0x2.0mm,112.986566,-126.754538,0,top
D59,WS2812B,LED_WS2812B-2020_PLCC4_2.0x2.0mm,115.755166,-123.198538,0,top
D60,WS2812B,LED_WS2812B-2020_PLCC4_2.0x2.0mm,119.361966,-119.642538,0,top
D61,WS2812B,LED_WS2812B-2020_PLCC4_2.0x2.0mm,123.197966,-116.992138,0,top
D62,WS2812B,LED_WS2812B-2020_PLCC4_2.0x2.0mm,126.432166,-114.124338,0,top
D63,WS2812B,LED_WS2812B-2020_PLCC4_2.0x2.0mm,129.272166,-111.104338,0,top
D64,WS2812B,LED_WS2812B-2020_PLCC4_2.0x2.0mm,132.347166,-106.994338,0,top
D65,WS2812B,LED_WS2812B-2020_PLCC4_2.0x2.0mm,134.972166,-101.624338,0,top
D66,WS2812B,LED_WS2812B-2020_PLCC4_2.0x2.0mm,136.212166,-97.264338,0,top
D67,WS2812B,LED_WS2812B-2020_PLCC4_2.0x2.0mm,136.517166,-93.114338,0,top
D68,WS2812B,LED_WS2812B-2020_PLCC4_2.0x2.0mm,115.397166,-74.194338,0,top
D69,WS2812B,LED_WS2812B-2020_PLCC4_2.0x2.0mm,115.152166,-78.824338,0,top
D70,WS2812B,LED_WS2812B-2020_PLCC4_2.0x2.0mm,114.822166,-88.384338,0,top
D71,WS2812B,LED_WS2812B-2020_PLCC4_2.0x2.0mm,114.722166,-97.024338,0,top
D72,WS2812B,LED_WS2812B-2020_PLCC4_2.0x2.0mm,114.932166,-103.334338,180,top
D73,WS2812B,LED_WS2812B-2020_PLCC4_2.0x2.0mm,99.842166,-74.004338,0,top
D74,WS2812B,LED_WS2812B-2020_PLCC4_2.0x2.0mm,99.852166,-77.604338,0,top
D75,WS2812B,LED_WS2812B-2020_PLCC4_2.0x2.0mm,99.852166,-81.254338,0,top
D76,WS2812B,LED_WS2812B-2020_PLCC4_2.0x2.0mm,100.407166,-85.064338,0,top
D77,WS2812B,LED_WS2812B-2020_PLCC4_2.0x2.0mm,102.307166,-88.864338,0,top
D78,WS2812B,LED_WS2812B-2020_PLCC4_2.0x2.0mm,105.452166,-94.204338,0,top
D79,WS2812B,LED_WS2812B-2020_PLCC4_2.0x2.0mm,107.412166,-97.804338,0,top
D80,WS2812B,LED_WS2812B-2020_PLCC4_2.0x2.0mm,109.842166,-103.634338,0,top
D81,WS2812B,LED_WS2812B-2020_PLCC4_2.0x2.0mm,110.752166,-107.834338,0,top
D82,WS2812B,LED_WS2812B-2020_PLCC4_2.0x2.0mm,109.402166,-113.684338,0,top
D83,WS2812B,LED_WS2812B-2020_PLCC4_2.0x2.0mm,105.577166,-116.744338,0,top
D84,WS2812B,LED_WS2812B-2020_PLCC4_2.0x2.0mm,105.577166,-120.994338,0,top
D85,WS2812B,LED_WS2812B-2020_PLCC4_2.0x2.0mm,106.127166,-126.604338,0,top
D86,WS2812B,LED_WS2812B-2020_PLCC4_2.0x2.0mm,106.127166,-130.994338,0,top
D87,WS2812B,LED_WS2812B-2020_PLCC4_2.0x2.0mm,105.212166,-136.134338,0,top
D88,WS2812B,LED_WS2812B-2020_PLCC4_2.0x2.0mm,102.982166,-139.414338,0,top
D89,WS2812B,LED_WS2812B-2020_PLCC4_2.0x2.0mm,99.502166,-142.044338,0,top
D90,WS2812B,LED_WS2812B-2020_PLCC4_2.0x2.0mm,91.802166,-144.354338,0,top
D91,WS2812B,LED_WS2812B-2020_PLCC4_2.0x2.0mm,87.542166,-144.354338,0,top
D92,WS2812B,LED_WS2812B-2020_PLCC4_2.0x2.0mm,85.212166,-85.644338,0,top
D93,WS2812B,LED_WS2812B-2020_PLCC4_2.0x2.0mm,84.987166,-91.084338,0,top
D94,WS2812B,LED_WS2812B-2020_PLCC4_2.0x2.0mm,82.812166,-96.874338,0,top
D95,WS2812B,LED_WS2812B-2020_PLCC4_2.0x2.0mm,82.812166,-102.824338,0,top
D96,WS2812B,LED_WS2812B-2020_PLCC4_2.0x2.0mm,82.812166,-107.614338,0,top
D97,WS2812B,LED_WS2812B-2020_PLCC4_2.0x2.0mm,82.812166,-111.154338,0,top
D98,WS2812B,LED_WS2812B-2020_PLCC4_2.0x2.0mm,82.812166,-114.704338,0,top
D99,WS2812B,LED_WS2812B-2020_PLCC4_2.0x2.0mm,82.812166,-118.604338,0,top
D100,WS2812B,LED_WS2812B-2020_PLCC4_2.0x2.0mm,82.812166,-122.254338,0,top
D101,WS2812B,LED_WS2812B-2020_PLCC4_2.0x2.0mm,82.812166,-125.834338,0,top
D102,WS2812B,LED_WS2812B-2020_PLCC4_2.0x2.0mm,82.812166,-130.014338,0,top
D103,WS2812B,LED_WS2812B-2020_PLCC4_2.0x2.0mm,83.932166,-138.354338,0,top
D104,WS2812B,LED_WS2812B-2020_PLCC4_2.0x2.0mm,84.247166,-141.964338,0,top
D105,WS2812B,LED_WS2812B-2020_PLCC4_2.0x2.0mm,85.352166,-148.894338,0,top
D106,WS2812B,LED_WS2812B-2020_PLCC4_2.0x2.0mm,242.672166,-299.514338,0,top
D107,WS2812B,LED_WS2812B-2020_PLCC4_2.0x2.0mm,244.857166,-295.714338,0,top
D108,WS2812B,LED_WS2812B-2020_PLCC4_2.0x2.0mm,247.027166,-291.634338,0,top
D109,WS2812B,LED_WS2812B-2020_PLCC4_2.0x2.0mm,248.2,-287.35,0,top
D110,WS2812B,LED_WS2812B-2020_PLCC4_2.0x2.0mm,253.887166,-277.664338,0,top
D111,WS2812B,LED_WS2812B-2020_PLCC4_2.0x2.0mm,255.527166,-274.904338,0,top
D112,WS2812B,LED_WS2812B-2020_PLCC4_2.0x2.0mm,258.507166,-272.134338,0,top
D113,WS2812B,LED_WS2812B-2020_PLCC4_2.0x2.0mm,260.662166,-268.884338,0,top
D114,WS2812B,LED_WS2812B-2020_PLCC4_2.0x2.0mm,261.897166,-265.294338,0,top
D115,WS2812B,LED_WS2812B-2020_PLCC4_2.0x2.0mm,262.317166,-262.694338,0,top
D116,WS2812B,LED_WS2812B-2020_PLCC4_2.0x2.0mm,243.767166,-273.284338,0,top
D117,WS2812B,LED_WS2812B-2020_PLCC4_2.0x2.0mm,233.007166,-240.554338,0,top
D118,WS2812B,LED_WS2812B-2020_PLCC4_2.0x2.0mm,230.962166,-234.114338,0,top
D119,WS2812B,LED_WS2812B-2020_PLCC4_2.0x2.0mm,231.157166,-230.284338,0,top
D120,WS2812B,LED_WS2812B-2020_PLCC4_2.0x2.0mm,226.057166,-215.354338,0,top
D121,WS2812B,LED_WS2812B-2020_PLCC4_2.0x2.0mm,229.677166,-212.234338,0,top
D122,WS2812B,LED_WS2812B-2020_PLCC4_2.0x2.0mm,233.397166,-209.044338,0,top
D123,WS2812B,LED_WS2812B-2020_PLCC4_2.0x2.0mm,220.672166,-219.554338,180,top
D124,WS2812B,LED_WS2812B-2020_PLCC4_2.0x2.0mm,218.197166,-222.174338,180,top
D125,WS2812B,LED_WS2812B-2020_PLCC4_2.0x2.0mm,215.812166,-225.684338,180,top
D126,WS2812B,LED_WS2812B-2020_PLCC4_2.0x2.0mm,213.177166,-230.504338,180,top
D127,WS2812B,LED_WS2812B-2020_PLCC4_2.0x2.0mm,209.982166,-234.574338,180,top
D128,WS2812B,LED_WS2812B-2020_PLCC4_2.0x2.0mm,206.412166,-237.844338,180,top
D129,WS2812B,LED_WS2812B-2020_PLCC4_2.0x2.0mm,201.982166,-240.914338,180,top
D130,WS2812B,LED_WS2812B-2020_PLCC4_2.0x2.0mm,196.932166,-241.594338,0,top
D131,WS2812B,LED_WS2812B-2020_PLCC4_2.0x2.0mm,188.212166,-240.534338,0,top
D132,WS2812B,LED_WS2812B-2020_PLCC4_2.0x2.0mm,182.502166,-244.664338,180,top
D133,WS2812B,LED_WS2812B-2020_PLCC4_2.0x2.0mm,177.447166,-248.364338,180,top
D134,WS2812B,LED_WS2812B-2020_PLCC4_2.0x2.0mm,171.892166,-252.514338,180,top
D135,WS2812B,LED_WS2812B-2020_PLCC4_2.0x2.0mm,164.602166,-257.704338,180,top
D136,WS2812B,LED_WS2812B-2020_PLCC4_2.0x2.0mm,160.862166,-260.494338,180,top
D137,WS2812B,LED_WS2812B-2020_PLCC4_2.0x2.0mm,156.162166,-263.064338,180,top
D138,WS2812B,LED_WS2812B-2020_PLCC4_2.0x2.0mm,147.407166,-266.634338,0,top
D139,WS2812B,LED_WS2812B-2020_PLCC4_2.0x2.0mm,143.082166,-268.864338,0,top
D140,WS2812B,LED_WS2812B-2020_PLCC4_2.0x2.0mm,132.277166,-273.954338,0,top
D141,WS2812B,LED_WS2812B-2020_PLCC4_2.0x2.0mm,126.192166,-267.364338,0,top
D142,WS2812B,LED_WS2812B-2020_PLCC4_2.0x2.0mm,116.967166,-262.784338,0,top
D143,WS2812B,LED_WS2812B-2020_PLCC4_2.0x2.0mm,83.332166,-267.124338,0,top
D144,WS2812B,LED_WS2812B-2020_PLCC4_2.0x2.0mm,72.507166,-258.774338,0,top
D145,WS2812B,LED_WS2812B-2020_PLCC4_2.0x2.0mm,72.627166,-265.034338,180,top
D146,WS2812B,LED_WS2812B-2020_PLCC4_2.0x2.0mm,71.977166,-252.314338,0,top
D147,WS2812B,LED_WS2812B-2020_PLCC4_2.0x2.0mm,71.877166,-248.394338,0,top
D148,WS2812B,LED_WS2812B-2020_PLCC4_2.0x2.0mm,71.517166,-240.134338,0,top
D149,WS2812B,LED_WS2812B-2020_PLCC4_2.0x2.0mm,53.487166,-231.734338,0,top
D150,WS2812B,LED_WS2812B-2020_PLCC4_2.0x2.0mm,52.897166,-226.114338,0,top
D151,WS2812B,LED_WS2812B-2020_PLCC4_2.0x2.0mm,52.862166,-219.694338,0,top
D152,WS2812B,LED_WS2812B-2020_PLCC4_2.0x2.0mm,52.827166,-213.894338,0,top
D153,WS2812B,LED_WS2812B-2020_PLCC4_2.0x2.0mm,52.987166,-209.644338,0,top
D154,WS2812B,LED_WS2812B-2020_PLCC4_2.0x2.0mm,61.732166,-206.564338,0,top
D155,WS2812B,LED_WS2812B-2020_PLCC4_2.0x2.0mm,78.797166,-206.564338,0,top
D156,WS2812B,LED_WS2812B-2020_PLCC4_2.0x2.0mm,86.252166,-206.564338,0,top
D157,WS2812B,LED_WS2812B-2020_PLCC4_2.0x2.0mm,109.797166,-206.564338,0,top
D158,WS2812B,LED_WS2812B-2020_PLCC4_2.0x2.0mm,115.222166,-204.134338,0,top
D159,WS2812B,LED_WS2812B-2020_PLCC4_2.0x2.0mm,142.392166,-188.844338,0,top
D160,WS2812B,LED_WS2812B-2020_PLCC4_2.0x2.0mm,189.477166,-191.694338,180,top
D161,WS2812B,LED_WS2812B-2020_PLCC4_2.0x2.0mm,201.947166,-190.874338,0,top
D162,WS2812B,LED_WS2812B-2020_PLCC4_2.0x2.0mm,148.527166,-192.274338,180,top
D163,WS2812B,LED_WS2812B-2020_PLCC4_2.0x2.0mm,211.077166,-190.494338,0,top
D164,WS2812B,LED_WS2812B-2020_PLCC4_2.0x2.0mm,219.247166,-190.424338,0,top
D165,WS2812B,LED_WS2812B-2020_PLCC4_2.0x2.0mm,223.637166,-193.754338,0,top
D166,WS2812B,LED_WS2812B-2020_PLCC4_2.0x2.0mm,233.137166,-194.484338,0,top
D167,WS2812B,LED_WS2812B-2020_PLCC4_2.0x2.0mm,237.237166,-190.574338,0,top
D168,WS2812B,LED_WS2812B-2020_PLCC4_2.0x2.0mm,72.877166,-298.194338,0,top
D169,WS2812B,LED_WS2812B-2020_PLCC4_2.0x2.0mm,73.367166,-300.814338,0,top
D170,WS2812B,LED_WS2812B-2020_PLCC4_2.0x2.0mm,74.577166,-303.404338,0,top
D171,WS2812B,LED_WS2812B-2020_PLCC4_2.0x2.0mm,76.047166,-306.034338,0,top
D172,WS2812B,LED_WS2812B-2020_PLCC4_2.0x2.0mm,72.007166,-313.144338,0,top
D173,WS2812B,LED_WS2812B-2020_PLCC4_2.0x2.0mm,71.357166,-315.704338,0,top
D174,WS2812B,LED_WS2812B-2020_PLCC4_2.0x2.0mm,71.207166,-318.314338,0,top
D175,WS2812B,LED_WS2812B-2020_PLCC4_2.0x2.0mm,68.017166,-320.624338,0,top
D176,WS2812B,LED_WS2812B-2020_PLCC4_2.0x2.0mm,67.122166,-323.214338,0,top
D177,WS2812B,LED_WS2812B-2020_PLCC4_2.0x2.0mm,65.097166,-325.784338,0,top
D178,WS2812B,LED_WS2812B-2020_PLCC4_2.0x2.0mm,62.907166,-328.474338,0,top
D179,WS2812B,LED_WS2812B-2020_PLCC4_2.0x2.0mm,60.6,-332.3,0,top
D180,WS2812B,LED_WS2812B-2020_PLCC4_2.0x2.0mm,58.032166,-335.164338,0,top
D181,WS2812B,LED_WS2812B-2020_PLCC4_2.0x2.0mm,52.547166,-338.024338,0,top
D182,WS2812B,LED_WS2812B-2020_PLCC4_2.0x2.0mm,49.267166,-340.714338,0,top
D183,WS2812B,LED_WS2812B-2020_PLCC4_2.0x2.0mm,46.222166,-343.874338,0,top
D184,WS2812B,LED_WS2812B-2020_PLCC4_2.0x2.0mm,43.147166,-346.584338,0,top
D185,WS2812B,LED_WS2812B-2020_PLCC4_2.0x2.0mm,39.817166,-348.784338,0,top
D186,WS2812B,LED_WS2812B-2020_PLCC4_2.0x2.0mm,36.477166,-350.794338,0,top
D187,WS2812B,LED_WS2812B-2020_PLCC4_2.0x2.0mm,31.967166,-352.534338,0,top
D188,WS2812B,LED_WS2812B-2020_PLCC4_2.0x2.0mm,29.517166,-355.694338,0,top
D189,WS2812B,LED_WS2812B-2020_PLCC4_2.0x2.0mm,45.542166,-110.644338,0,top
D190,WS2812B,LED_WS2812B-2020_PLCC4_2.0x2.0mm,42.807166,-115.314338,0,top
D191,WS2812B,LED_WS2812B-2020_PLCC4_2.0x2.0mm,40.837166,-119.334338,0,top
D192,WS2812B,LED_WS2812B-2020_PLCC4_2.0x2.0mm,40.177166,-123.334338,0,top
D193,WS2812B,LED_WS2812B-2020_PLCC4_2.0x2.0mm,41.917166,-128.464338,0,top
D194,WS2812B,LED_WS2812B-2020_PLCC4_2.0x2.0mm,45.387166,-133.254338,0,top
D195,WS2812B,LED_WS2812B-2020_PLCC4_2.0x2.0mm,48.337166,-136.314338,0,top
D196,WS2812B,LED_WS2812B-2020_PLCC4_2.0x2.0mm,51.967166,-141.124338,0,top
D197,WS2812B,LED_WS2812B-2020_PLCC4_2.0x2.0mm,53.227166,-147.624338,0,top
D198,WS2812B,LED_WS2812B-2020_PLCC4_2.0x2.0mm,53.227166,-153.004338,0,top
D199,WS2812B,LED_WS2812B-2020_PLCC4_2.0x2.0mm,53.227166,-157.074338,0,top
D200,WS2812B,LED_WS2812B-2020_PLCC4_2.0x2.0mm,53.227166,-161.424338,0,top
D201,WS2812B,LED_WS2812B-2020_PLCC4_2.0x2.0mm,53.227166,-165.094338,0,top
D202,WS2812B,LED_WS2812B-2020_PLCC4_2.0x2.0mm,53.227166,-171.294338,0,top
D203,WS2812B,LED_WS2812B-2020_PLCC4_2.0x2.0mm,53.227166,-176.704338,0,top
D204,WS2812B,LED_WS2812B-2020_PLCC4_2.0x2.0mm,53.227166,-181.854338,0,top
D205,WS2812B,LED_WS2812B-2020_PLCC4_2.0x2.0mm,53.227166,-185.484338,0,top
D206,WS2812B,LED_WS2812B-2020_PLCC4_2.0x2.0mm,53.227166,-191.094338,0,top
D207,WS2812B,LED_WS2812B-2020_PLCC4_2.0x2.0mm,52.112166,-202.524338,180,top
D208,WS2812B,LED_WS2812B-2020_PLCC4_2.0x2.0mm,208.702166,-244.694338,0,top
D209,WS2812B,LED_WS2812B-2020_PLCC4_2.0x2.0mm,206.027166,-247.264338,180,top
D210,WS2812B,LED_WS2812B-2020_PLCC4_2.0x2.0mm,203.847166,-249.884338,0,top
D211,WS2812B,LED_WS2812B-2020_PLCC4_2.0x2.0mm,198.602166,-253.474338,0,top
D212,WS2812B,LED_WS2812B-2020_PLCC4_2.0x2.0mm,195.717166,-256.804338,0,top
D213,WS2812B,LED_WS2812B-2020_PLCC4_2.0x2.0mm,192.237166,-259.804338,0,top
D214,WS2812B,LED_WS2812B-2020_PLCC4_2.0x2.0mm,186.117166,-262.414338,0,top
D215,WS2812B,LED_WS2812B-2020_PLCC4_2.0x2.0mm,114.787166,-268.354338,0,top
D216,WS2812B,LED_WS2812B-2020_PLCC4_2.0x2.0mm,85.272166,-271.644338,0,top
D217,WS2812B,LED_WS2812B-2020_PLCC4_2.0x2.0mm,86.497166,-269.054338,0,top
D218,WS2812B,LED_WS2812B-2020_PLCC4_2.0x2.0mm,75.512166,-262.224338,0,top
D219,WS2812B,LED_WS2812B-2020_PLCC4_2.0x2.0mm,79.862166,-281.814338,180,top
D220,WS2812B,LED_WS2812B-2020_PLCC4_2.0x2.0mm,69.597166,-273.314338,0,top
D221,WS2812B,LED_WS2812B-2020_PLCC4_2.0x2.0mm,69.597166,-268.774338,0,top
D222,WS2812B,LED_WS2812B-2020_PLCC4_2.0x2.0mm,68.202166,-258.804338,0,top
D223,WS2812B,LED_WS2812B-2020_PLCC4_2.0x2.0mm,68.997166,-255.094338,0,top
D224,WS2812B,LED_WS2812B-2020_PLCC4_2.0x2.0mm,67.362166,-251.794338,0,top
D225,WS2812B,LED_WS2812B-2020_PLCC4_2.0x2.0mm,66.447166,-246.234338,0,top
D226,WS2812B,LED_WS2812B-2020_PLCC4_2.0x2.0mm,63.522166,-239.494338,0,top
D227,WS2812B,LED_WS2812B-2020_PLCC4_2.0x2.0mm,63.522166,-232.494338,0,top
D228,WS2812B,LED_WS2812B-2020_PLCC4_2.0x2.0mm,63.522166,-229.074338,0,top
D229,WS2812B,LED_WS2812B-2020_PLCC4_2.0x2.0mm,63.522166,-226.134338,0,top
D230,WS2812B,LED_WS2812B-2020_PLCC4_2.0x2.0mm,63.522166,-223.064338,0,top
D231,WS2812B,LED_WS2812B-2020_PLCC4_2.0x2.0mm,63.522166,-219.634338,0,top
D232,WS2812B,LED_WS2812B-2020_PLCC4_2.0x2.0mm,63.522166,-214.464338,0,top
D233,WS2812B,LED_WS2812B-2020_PLCC4_2.0x2.0mm,60.057166,-209.864338,180,top
D234,WS2812B,LED_WS2812B-2020_PLCC4_2.0x2.0mm,55.262166,-202.524338,0,top
D235,WS2812B,LED_WS2812B-2020_PLCC4_2.0x2.0mm,49.277166,-195.874338,0,top
D236,WS2812B,LED_WS2812B-2020_PLCC4_2.0x2.0mm,47.522166,-191.194338,0,top
D237,WS2812B,LED_WS2812B-2020_PLCC4_2.0x2.0mm,46.597166,-186.434338,0,top
D238,WS2812B,LED_WS2812B-2020_PLCC4_2.0x2.0mm,46.597166,-181.864338,0,top
D239,WS2812B,LED_WS2812B-2020_PLCC4_2.0x2.0mm,46.597166,-176.754338,0,top
D240,WS2812B,LED_WS2812B-2020_PLCC4_2.0x2.0mm,46.527166,-171.374338,0,top
D241,WS2812B,LED_WS2812B-2020_PLCC4_2.0x2.0mm,45.837166,-165.094338,0,top
D242,WS2812B,LED_WS2812B-2020_PLCC4_2.0x2.0mm,45.387166,-161.154338,0,top
D243,WS2812B,LED_WS2812B-2020_PLCC4_2.0x2.0mm,45.387166,-156.614338,0,top
D244,WS2812B,LED_WS2812B-2020_PLCC4_2.0x2.0mm,45.387166,-152.004338,0,top
D245,WS2812B,LED_WS2812B-2020_PLCC4_2.0x2.0mm,45.387166,-147.424338,0,top
D246,WS2812B,LED_WS2812B-2020_PLCC4_2.0x2.0mm,45.387166,-140.204338,0,top
D247,WS2812B,LED_WS2812B-2020_PLCC4_2.0x2.0mm,45.787166,-123.234338,0,top
D248,WS2812B,LED_WS2812B-2020_PLCC4_2.0x2.0mm,46.512166,-118.814338,0,top
D249,WS2812B,LED_WS2812B-2020_PLCC4_2.0x2.0mm,47.627166,-115.294338,0,top
D250,WS2812B,LED_WS2812B-2020_PLCC4_2.0x2.0mm,49.657166,-110.644338,0,top
D251,WS2812B,LED_WS2812B-2020_PLCC4_2.0x2.0mm,51.077166,-107.164338,0,top
D252,WS2812B,LED_WS2812B-2020_PLCC4_2.0x2.0mm,61.297166,-99.124338,0,top
D253,WS2812B,LED_WS2812B-2020_PLCC4_2.0x2.0mm,62.437166,-95.644338,0,top
D254,WS2812B,LED_WS2812B-2020_PLCC4_2.0x2.0mm,62.787166,-91.864338,0,top
D255,WS2812B,LED_WS2812B-2020_PLCC4_2.0x2.0mm,61.277166,-84.874338,0,top
D256,WS2812B,LED_WS2812B-2020_PLCC4_2.0x2.0mm,70.687166,-165.244338,0,top
D257,WS2812B,LED_WS2812B-2020_PLCC4_2.0x2.0mm,70.687166,-161.364338,0,top
D258,WS2812B,LED_WS2812B-2020_PLCC4_2.0x2.0mm,70.687166,-157.344338,0,top
D259,WS2812B,LED_WS2812B-2020_PLCC4_2.0x2.0mm,70.687166,-152.804338,0,top
D260,WS2812B,LED_WS2812B-2020_PLCC4_2.0x2.0mm,70.687166,-147.574338,0,top
D261,WS2812B,LED_WS2812B-2020_PLCC4_2.0x2.0mm,64.787166,-144.984338,0,top
D262,WS2812B,LED_WS2812B-2020_PLCC4_2.0x2.0mm,99.887166,-69.874338,0,top
D263,WS2812B,LED_WS2812B-2020_PLCC4_2.0x2.0mm,140.697166,-336.654338,0,top
D264,WS2812B,LED_WS2812B-2020_PLCC4_2.0x2.0mm,139.667166,-333.064338,0,top
D265,WS2812B,LED_WS2812B-2020_PLCC4_2.0x2.0mm,138.247166,-328.634338,0,top
D266,WS2812B,LED_WS2812B-2020_PLCC4_2.0x2.0mm,137.557166,-324.354338,0,top
D267,WS2812B,LED_WS2812B-2020_PLCC4_2.0x2.0mm,137.677166,-318.394338,0,top
D268,WS2812B,LED_WS2812B-2020_PLCC4_2.0x2.0mm,137.607166,-314.594338,0,top
D269,WS2812B,LED_WS2812B-2020_PLCC4_2.0x2.0mm,137.797166,-309.894338,0,top
D270,WS2812B,LED_WS2812B-2020_PLCC4_2.0x2.0mm,137.827166,-305.544338,0,top
D271,WS2812B,LED_WS2812B-2020_PLCC4_2.0x2.0mm,137.867166,-298.104338,0,top
D272,WS2812B,LED_WS2812B-2020_PLCC4_2.0x2.0mm,137.937166,-292.534338,0,top
D273,WS2812B,LED_WS2812B-2020_PLCC4_2.0x2.0mm,139.217166,-284.374338,0,top
D274,WS2812B,LED_WS2812B-2020_PLCC4_2.0x2.0mm,138.077166,-280.724338,0,top
D275,WS2812B,LED_WS2812B-2020_PLCC4_2.0x2.0mm,137.252166,-274.944338,0,top
D276,WS2812B,LED_WS2812B-2020_PLCC4_2.0x2.0mm,142.487166,-271.474338,0,top
D277,WS2812B,LED_WS2812B-2020_PLCC4_2.0x2.0mm,150.847166,-275.544338,0,top
D278,WS2812B,LED_WS2812B-2020_PLCC4_2.0x2.0mm,161.187166,-283.724338,180,top
D279,WS2812B,LED_WS2812B-2020_PLCC4_2.0x2.0mm,163.382166,-290.504338,180,top
D280,WS2812B,LED_WS2812B-2020_PLCC4_2.0x2.0mm,165.397166,-294.714338,180,top
D281,WS2812B,LED_WS2812B-2020_PLCC4_2.0x2.0mm,166.772166,-297.414338,180,top
D282,WS2812B,LED_WS2812B-2020_PLCC4_2.0x2.0mm,168.517166,-299.974338,180,top
D283,WS2812B,LED_WS2812B-2020_PLCC4_2.0x2.0mm,171.647166,-302.114338,180,top
D284,WS2812B,LED_WS2812B-2020_PLCC4_2.0x2.0mm,173.257166,-304.724338,180,top
D285,WS2812B,LED_WS2812B-2020_PLCC4_2.0x2.0mm,177.567166,-309.164338,180,top
D286,WS2812B,LED_WS2812B-2020_PLCC4_2.0x2.0mm,181.582166,-313.284338,180,top
D287,WS2812B,LED_WS2812B-2020_PLCC4_2.0x2.0mm,186.687166,-318.064338,180,top
D288,WS2812B,LED_WS2812B-2020_PLCC4_2.0x2.0mm,190.827166,-322.874338,180,top
D289,WS2812B,LED_WS2812B-2020_PLCC4_2.0x2.0mm,193.307166,-325.534338,180,top
D290,WS2812B,LED_WS2812B-2020_PLCC4_2.0x2.0mm,195.797166,-328.094338,180,top
D291,WS2812B,LED_WS2812B-2020_PLCC4_2.0x2.0mm,196.872166,-331.444338,180,top
D292,WS2812B,LED_WS2812B-2020_PLCC4_2.0x2.0mm,194.867166,-335.054338,0,top
D293,WS2812B,LED_WS2812B-2020_PLCC4_2.0x2.0mm,188.437166,-339.404338,0,top
D294,WS2812B,LED_WS2812B-2020_PLCC4_2.0x2.0mm,184.932166,-342.074338,0,top
D295,WS2812B,LED_WS2812B-2020_PLCC4_2.0x2.0mm,183.257166,-334.144338,0,top
D296,WS2812B,LED_WS2812B-2020_PLCC4_2.0x2.0mm,181.192166,-331.554338,0,top
D297,WS2812B,LED_WS2812B-2020_PLCC4_2.0x2.0mm,175.157166,-326.154338,0,top
D298,WS2812B,LED_WS2812B-2020_PLCC4_2.0x2.0mm,171.777166,-323.074338,0,top
D299,WS2812B,LED_WS2812B-2020_PLCC4_2.0x2.0mm,168.652166,-321.144338,0,top
D300,WS2812B,LED_WS2812B-2020_PLCC4_2.0x2.0mm,164.227166,-321.154338,0,top
D301,WS2812B,LED_WS2812B-2020_PLCC4_2.0x2.0mm,154.157166,-321.024338,0,top
D302,WS2812B,LED_WS2812B-2020_PLCC4_2.0x2.0mm,148.527166,-320.974338,0,top
D303,WS2812B,LED_WS2812B-2020_PLCC4_2.0x2.0mm,142.242166,-320.714338,0,top
D304,WS2812B,LED_WS2812B-2020_PLCC4_2.0x2.0mm,136.197166,-264.954338,0,top
D305,WS2812B,LED_WS2812B-2020_PLCC4_2.0x2.0mm,122.062166,-268.624338,0,top
D306,WS2812B,LED_WS2812B-2020_PLCC4_2.0x2.0mm,82.972166,-281.024338,0,top
D307,WS2812B,LED_WS2812B-2020_PLCC4_2.0x2.0mm,74.677166,-273.334338,0,top
D308,WS2812B,LED_WS2812B-2020_PLCC4_2.0x2.0mm,75.092166,-268.974338,0,top
D309,WS2812B,LED_WS2812B-2020_PLCC4_2.0x2.0mm,79.582166,-259.314338,0,top
D310,WS2812B,LED_WS2812B-2020_PLCC4_2.0x2.0mm,80.657166,-252.414338,0,top
D311,WS2812B,LED_WS2812B-2020_PLCC4_2.0x2.0mm,81.012166,-247.294338,0,top
D312,WS2812B,LED_WS2812B-2020_PLCC4_2.0x2.0mm,80.532166,-235.394338,0,top
D313,WS2812B,LED_WS2812B-2020_PLCC4_2.0x2.0mm,80.237166,-230.964338,0,top
D314,WS2812B,LED_WS2812B-2020_PLCC4_2.0x2.0mm,78.342166,-226.714338,0,top
D315,WS2812B,LED_WS2812B-2020_PLCC4_2.0x2.0mm,75.662166,-223.094338,0,top
D316,WS2812B,LED_WS2812B-2020_PLCC4_2.0x2.0mm,71.647166,-219.984338,0,top
D317,WS2812B,LED_WS2812B-2020_PLCC4_2.0x2.0mm,63.182166,-210.014338,0,top
D318,WS2812B,LED_WS2812B-2020_PLCC4_2.0x2.0mm,62.882166,-203.554338,0,top
D319,WS2812B,LED_WS2812B-2020_PLCC4_2.0x2.0mm,83.507166,-196.994338,180,top
D320,WS2812B,LED_WS2812B-2020_PLCC4_2.0x2.0mm,89.227166,-191.254338,0,top
D321,WS2812B,LED_WS2812B-2020_PLCC4_2.0x2.0mm,89.197166,-181.514338,0,top
D322,WS2812B,LED_WS2812B-2020_PLCC4_2.0x2.0mm,89.297166,-175.974338,0,top
D323,WS2812B,LED_WS2812B-2020_PLCC4_2.0x2.0mm,189.477166,-189.124338,0,top
D324,WS2812B,LED_WS2812B-2020_PLCC4_2.0x2.0mm,182.037166,-190.644338,180,top
D325,WS2812B,LED_WS2812B-2020_PLCC4_2.0x2.0mm,175.402166,-191.227646,180,top
D326,WS2812B,LED_WS2812B-2020_PLCC4_2.0x2.0mm,166.932166,-191.984338,180,top
D327,WS2812B,LED_WS2812B-2020_PLCC4_2.0x2.0mm,160.692166,-192.264338,180,top
D328,WS2812B,LED_WS2812B-2020_PLCC4_2.0x2.0mm,153.632166,-191.104338,180,top
D329,WS2812B,LED_WS2812B-2020_PLCC4_2.0x2.0mm,149.492166,-189.684338,0,top
D330,WS2812B,LED_WS2812B-2020_PLCC4_2.0x2.0mm,136.167166,-187.704338,180,top
D331,WS2812B,LED_WS2812B-2020_PLCC4_2.0x2.0mm,130.787166,-187.434338,180,top
D332,WS2812B,LED_WS2812B-2020_PLCC4_2.0x2.0mm,125.722166,-188.124338,0,top
D333,WS2812B,LED_WS2812B-2020_PLCC4_2.0x2.0mm,121.657166,-194.624338,0,top
D334,WS2812B,LED_WS2812B-2020_PLCC4_2.0x2.0mm,114.792166,-201.614338,0,top
D335,WS2812B,LED_WS2812B-2020_PLCC4_2.0x2.0mm,117.472166,-170.434338,0,top
D336,WS2812B,LED_WS2812B-2020_PLCC4_2.0x2.0mm,117.577166,-176.384338,0,top
D337,WS2812B,LED_WS2812B-2020_PLCC4_2.0x2.0mm,117.567166,-181.584338,0,top
D338,WS2812B,LED_WS2812B-2020_PLCC4_2.0x2.0mm,117.437166,-187.114338,0,top
D339,WS2812B,LED_WS2812B-2020_PLCC4_2.0x2.0mm,117.257166,-191.094338,0,top
D340,WS2812B,LED_WS2812B-2020_PLCC4_2.0x2.0mm,116.497166,-195.864338,0,top
D341,WS2812B,LED_WS2812B-2020_PLCC4_2.0x2.0mm,113.432166,-199.044338,0,top
D342,WS2812B,LED_WS2812B-2020_PLCC4_2.0x2.0mm,86.852166,-201.454338,0,top
D343,WS2812B,LED_WS2812B-2020_PLCC4_2.0x2.0mm,78.657166,-201.734338,0,top
D344,WS2812B,LED_WS2812B-2020_PLCC4_2.0x2.0mm,180.912166,-337.834338,0,top
D345,WS2812B,LED_WS2812B-2020_PLCC4_2.0x2.0mm,175.732166,-334.614338,0,top
D346,WS2812B,LED_WS2812B-2020_PLCC4_2.0x2.0mm,171.347166,-333.754338,0,top
D347,WS2812B,LED_WS2812B-2020_PLCC4_2.0x2.0mm,167.092166,-333.304338,0,top
D348,WS2812B,LED_WS2812B-2020_PLCC4_2.0x2.0mm,162.987166,-333.164338,0,top
D349,WS2812B,LED_WS2812B-2020_PLCC4_2.0x2.0mm,162.057166,-330.054338,0,top
D350,WS2812B,LED_WS2812B-2020_PLCC4_2.0x2.0mm,160.037166,-326.554338,0,top
D351,WS2812B,LED_WS2812B-2020_PLCC4_2.0x2.0mm,158.277166,-321.914338,0,top
D352,WS2812B,LED_WS2812B-2020_PLCC4_2.0x2.0mm,154.302166,-316.964338,0,top
D353,WS2812B,LED_WS2812B-2020_PLCC4_2.0x2.0mm,153.362166,-313.354338,0,top
D354,WS2812B,LED_WS2812B-2020_PLCC4_2.0x2.0mm,150.412166,-309.844338,0,top
D355,WS2812B,LED_WS2812B-2020_PLCC4_2.0x2.0mm,146.212166,-308.324338,0,top
D356,WS2812B,LED_WS2812B-2020_PLCC4_2.0x2.0mm,147.447166,-285.934338,180,top
D357,WS2812B,LED_WS2812B-2020_PLCC4_2.0x2.0mm,151.372166,-288.824338,180,top
D358,WS2812B,LED_WS2812B-2020_PLCC4_2.0x2.0mm,157.607166,-297.664338,180,top
D359,WS2812B,LED_WS2812B-2020_PLCC4_2.0x2.0mm,159.347166,-302.624338,180,top
D360,WS2812B,LED_WS2812B-2020_PLCC4_2.0x2.0mm,163.457166,-307.594338,180,top
D361,WS2812B,LED_WS2812B-2020_PLCC4_2.0x2.0mm,165.472166,-310.184338,180,top
D362,WS2812B,LED_WS2812B-2020_PLCC4_2.0x2.0mm,168.637166,-312.214338,180,top
D363,WS2812B,LED_WS2812B-2020_PLCC4_2.0x2.0mm,170.742166,-315.074338,180,top
D364,WS2812B,LED_WS2812B-2020_PLCC4_2.0x2.0mm,175.727166,-319.604338,0,top
D365,WS2812B,LED_WS2812B-2020_PLCC4_2.0x2.0mm,178.762166,-322.414338,0,top
D366,WS2812B,LED_WS2812B-2020_PLCC4_2.0x2.0mm,180.407166,-325.054338,0,top
D367,WS2812B,LED_WS2812B-2020_PLCC4_2.0x2.0mm,184.097166,-328.804338,0,top
D368,WS2812B,LED_WS2812B-2020_PLCC4_2.0x2.0mm,188.457166,-331.784338,0,top
D369,WS2812B,LED_WS2812B-2020_PLCC4_2.0x2.0mm,189.737166,-335.524338,0,top
D370,WS2812B,LED_WS2812B-2020_PLCC4_2.0x2.0mm,135.002166,-285.324338,0,top
D371,WS2812B,LED_WS2812B-2020_PLCC4_2.0x2.0mm,130.45,-285.344338,0,top
D372,WS2812B,LED_WS2812B-2020_PLCC4_2.0x2.0mm,126.767166,-282.894338,0,top
D373,WS2812B,LED_WS2812B-2020_PLCC4_2.0x2.0mm,126.737166,-278.934338,0,top
D374,WS2812B,LED_WS2812B-2020_PLCC4_2.0x2.0mm,121.527166,-257.014338,0,top
D375,WS2812B,LED_WS2812B-2020_PLCC4_2.0x2.0mm,99.592166,-253.394338,0,top
D376,WS2812B,LED_WS2812B-2020_PLCC4_2.0x2.0mm,97.977166,-248.184338,0,top
D377,WS2812B,LED_WS2812B-2020_PLCC4_2.0x2.0mm,129.047666,-242.995038,180,top
D378,WS2812B,LED_WS2812B-2020_PLCC4_2.0x2.0mm,135.547166,-242.564338,180,top
D379,WS2812B,LED_WS2812B-2020_PLCC4_2.0x2.0mm,141.652166,-241.804338,0,top
D380,WS2812B,LED_WS2812B-2020_PLCC4_2.0x2.0mm,145.867166,-241.974338,0,top
D381,WS2812B,LED_WS2812B-2020_PLCC4_2.0x2.0mm,155.897166,-241.164338,0,top
D382,WS2812B,LED_WS2812B-2020_PLCC4_2.0x2.0mm,162.987166,-236.254338,0,top
D383,WS2812B,LED_WS2812B-2020_PLCC4_2.0x2.0mm,166.177166,-232.824338,0,top
D384,WS2812B,LED_WS2812B-2020_PLCC4_2.0x2.0mm,168.022166,-229.314338,0,top
D385,WS2812B,LED_WS2812B-2020_PLCC4_2.0x2.0mm,170.427166,-224.334338,0,top
D386,WS2812B,LED_WS2812B-2020_PLCC4_2.0x2.0mm,171.257166,-220.244338,0,top
D387,WS2812B,LED_WS2812B-2020_PLCC4_2.0x2.0mm,171.187166,-216.714338,0,top
D388,WS2812B,LED_WS2812B-2020_PLCC4_2.0x2.0mm,171.477166,-212.894338,0,top
D389,WS2812B,LED_WS2812B-2020_PLCC4_2.0x2.0mm,93.077166,-245.114338,0,top
D390,WS2812B,LED_WS2812B-2020_PLCC4_2.0x2.0mm,92.457166,-252.264338,0,top
D391,WS2812B,LED_WS2812B-2020_PLCC4_2.0x2.0mm,84.837166,-245.334338,0,top
D392,WS2812B,LED_WS2812B-2020_PLCC4_2.0x2.0mm,71.722166,-231.714338,0,top
D393,WS2812B,LED_WS2812B-2020_PLCC4_2.0x2.0mm,71.727166,-226.134338,0,top
D394,WS2812B,LED_WS2812B-2020_PLCC4_2.0x2.0mm,71.767166,-215.394338,0,top
D395,WS2812B,LED_WS2812B-2020_PLCC4_2.0x2.0mm,71.677166,-210.824338,0,top
D396,WS2812B,LED_WS2812B-2020_PLCC4_2.0x2.0mm,71.707166,-203.864338,0,top
D397,WS2812B,LED_WS2812B-2020_PLCC4_2.0x2.0mm,93.337166,-90.674338,0,top
D398,WS2812B,LED_WS2812B-2020_PLCC4_2.0x2.0mm,87.097166,-96.884338,0,top
D399,WS2812B,LED_WS2812B-2020_PLCC4_2.0x2.0mm,87.527166,-102.244338,0,top
D400,WS2812B,LED_WS2812B-2020_PLCC4_2.0x2.0mm,87.557166,-106.814338,0,top
D401,WS2812B,LED_WS2812B-2020_PLCC4_2.0x2.0mm,87.182166,-111.174338,0,top
D402,WS2812B,LED_WS2812B-2020_PLCC4_2.0x2.0mm,87.487166,-115.454338,0,top
D403,WS2812B,LED_WS2812B-2020_PLCC4_2.0x2.0mm,87.497166,-119.824338,0,top
D404,WS2812B,LED_WS2812B-2020_PLCC4_2.0x2.0mm,87.447166,-125.184338,0,top
D405,WS2812B,LED_WS2812B-2020_PLCC4_2.0x2.0mm,87.122166,-130.134338,0,top
D406,WS2812B,LED_WS2812B-2020_PLCC4_2.0x2.0mm,83.787166,-135.734338,0,top
D407,WS2812B,LED_WS2812B-2020_PLCC4_2.0x2.0mm,57.097166,-141.084338,0,top
D408,WS2812B,LED_WS2812B-2020_PLCC4_2.0x2.0mm,109.242166,-198.014338,0,top
D409,WS2812B,LED_WS2812B-2020_PLCC4_2.0x2.0mm,98.8,-197.6,0,top
D410,WS2812B,LED_WS2812B-2020_PLCC4_2.0x2.0mm,236.657166,-174.744338,0,top
D411,WS2812B,LED_WS2812B-2020_PLCC4_2.0x2.0mm,233.017166,-178.704338,0,top
D412,WS2812B,LED_WS2812B-2020_PLCC4_2.0x2.0mm,229.937166,-182.544338,0,top
D413,WS2812B,LED_WS2812B-2020_PLCC4_2.0x2.0mm,226.312166,-186.274338,0,top
D414,WS2812B,LED_WS2812B-2020_PLCC4_2.0x2.0mm,46.517166,-219.684338,0,top
D415,WS2812B,LED_WS2812B-2020_PLCC4_2.0x2.0mm,79.172166,-214.724338,0,top
D416,WS2812B,LED_WS2812B-2020_PLCC4_2.0x2.0mm,106.117166,-215.264338,0,top
D417,WS2812B,LED_WS2812B-2020_PLCC4_2.0x2.0mm,113.297166,-215.254338,0,top
D418,WS2812B,LED_WS2812B-2020_PLCC4_2.0x2.0mm,112.987166,-208.564338,0,top
D419,WS2812B,LED_WS2812B-2020_PLCC4_2.0x2.0mm,122.902166,-200.804338,180,top
D420,WS2812B,LED_WS2812B-2020_PLCC4_2.0x2.0mm,127.582166,-200.584338,0,top
D421,WS2812B,LED_WS2812B-2020_PLCC4_2.0x2.0mm,133.007166,-198.604338,180,top
D422,WS2812B,LED_WS2812B-2020_PLCC4_2.0x2.0mm,136.192166,-196.364338,0,top
D423,WS2812B,LED_WS2812B-2020_PLCC4_2.0x2.0mm,139.512166,-194.204338,0,top
D424,WS2812B,LED_WS2812B-2020_PLCC4_2.0x2.0mm,143.287166,-191.394338,0,top
D425,WS2812B,LED_WS2812B-2020_PLCC4_2.0x2.0mm,146.792166,-186.674338,0,top
D426,WS2812B,LED_WS2812B-2020_PLCC4_2.0x2.0mm,151.157166,-184.584338,0,top
D427,WS2812B,LED_WS2812B-2020_PLCC4_2.0x2.0mm,155.202166,-181.754338,0,top
D428,WS2812B,LED_WS2812B-2020_PLCC4_2.0x2.0mm,157.887166,-179.024338,0,top
D429,WS2812B,LED_WS2812B-2020_PLCC4_2.0x2.0mm,160.707166,-176.284338,0,top
D430,WS2812B,LED_WS2812B-2020_PLCC4_2.0x2.0mm,164.487166,-171.414338,0,top
D431,WS2812B,LED_WS2812B-2020_PLCC4_2.0x2.0mm,167.247166,-167.194338,0,top
D432,WS2812B,LED_WS2812B-2020_PLCC4_2.0x2.0mm,172.087166,-159.804338,0,top
D433,WS2812B,LED_WS2812B-2020_PLCC4_2.0x2.0mm,111.367166,-212.494338,0,top
D434,WS2812B,LED_WS2812B-2020_PLCC4_2.0x2.0mm,119.167166,-225.614338,0,top
D435,WS2812B,LED_WS2812B-2020_PLCC4_2.0x2.0mm,123.792166,-229.484338,0,top
D436,WS2812B,LED_WS2812B-2020_PLCC4_2.0x2.0mm,129.077166,-234.564338,0,top
D437,WS2812B,LED_WS2812B-2020_PLCC4_2.0x2.0mm,138.497166,-239.954338,180,top
D438,WS2812B,LED_WS2812B-2020_PLCC4_2.0x2.0mm,142.592166,-245.594338,0,top
D439,WS2812B,LED_WS2812B-2020_PLCC4_2.0x2.0mm,148.072166,-249.844338,0,top
D440,WS2812B,LED_WS2812B-2020_PLCC4_2.0x2.0mm,152.067166,-256.374338,0,top
D441,WS2812B,LED_WS2812B-2020_PLCC4_2.0x2.0mm,148.342166,-260.194338,180,top
D442,WS2812B,LED_WS2812B-2020_PLCC4_2.0x2.0mm,144.442166,-263.764338,0,top
D443,WS2812B,LED_WS2812B-2020_PLCC4_2.0x2.0mm,139.857166,-266.924338,0,top
D444,WS2812B,LED_WS2812B-2020_PLCC4_2.0x2.0mm,160.912166,-279.104338,0,top
D445,WS2812B,LED_WS2812B-2020_PLCC4_2.0x2.0mm,158.732166,-272.794338,0,top
D446,WS2812B,LED_WS2812B-2020_PLCC4_2.0x2.0mm,208.902166,-268.604338,0,top
D447,WS2812B,LED_WS2812B-2020_PLCC4_2.0x2.0mm,208.342166,-262.644338,0,top
D448,WS2812B,LED_WS2812B-2020_PLCC4_2.0x2.0mm,206.532166,-258.294338,0,top
D449,WS2812B,LED_WS2812B-2020_PLCC4_2.0x2.0mm,203.317166,-253.794338,0,top
D450,WS2812B,LED_WS2812B-2020_PLCC4_2.0x2.0mm,198.247166,-249.584338,0,top
D451,WS2812B,LED_WS2812B-2020_PLCC4_2.0x2.0mm,191.922166,-244.174338,0,top
D452,WS2812B,LED_WS2812B-2020_PLCC4_2.0x2.0mm,182.432166,-236.554338,0,top
D453,WS2812B,LED_WS2812B-2020_PLCC4_2.0x2.0mm,179.617166,-233.764338,0,top
D454,WS2812B,LED_WS2812B-2020_PLCC4_2.0x2.0mm,175.167166,-230.044338,0,top
D455,WS2812B,LED_WS2812B-2020_PLCC4_2.0x2.0mm,161.272166,-228.924338,0,top
D456,WS2812B,LED_WS2812B-2020_PLCC4_2.0x2.0mm,156.177166,-229.294338,0,top
D457,WS2812B,LED_WS2812B-2020_PLCC4_2.0x2.0mm,148.412166,-233.524338,0,top
D458,WS2812B,LED_WS2812B-2020_PLCC4_2.0x2.0mm,144.177166,-233.414338,0,top
D459,WS2812B,LED_WS2812B-2020_PLCC4_2.0x2.0mm,139.452166,-231.644338,0,top
D460,WS2812B,LED_WS2812B-2020_PLCC4_2.0x2.0mm,135.177166,-231.284338,0,top
D461,WS2812B,LED_WS2812B-2020_PLCC4_2.0x2.0mm,129.572166,-231.964338,0,top
D462,WS2812B,LED_WS2812B-2020_PLCC4_2.0x2.0mm,118.852166,-231.784338,0,top
D463,WS2812B,LED_WS2812B-2020_PLCC4_2.0x2.0mm,94.987166,-231.634338,0,top
D464,WS2812B,LED_WS2812B-2020_PLCC4_2.0x2.0mm,90.687166,-231.604338,0,top
D465,WS2812B,LED_WS2812B-2020_PLCC4_2.0x2.0mm,83.122166,-275.184338,0,top
D466,WS2812B,LED_WS2812B-2020_PLCC4_2.0x2.0mm,84.072166,-264.494338,0,top
D467,WS2812B,LED_WS2812B-2020_PLCC4_2.0x2.0mm,87.047166,-258.104338,0,top
D468,WS2812B,LED_WS2812B-2020_PLCC4_2.0x2.0mm,87.012166,-253.494338,0,top
D469,WS2812B,LED_WS2812B-2020_PLCC4_2.0x2.0mm,90.492166,-249.574338,0,top
D470,WS2812B,LED_WS2812B-2020_PLCC4_2.0x2.0mm,99.087166,-250.814338,0,top
D471,WS2812B,LED_WS2812B-2020_PLCC4_2.0x2.0mm,163.037166,-241.024338,0,top
D472,WS2812B,LED_WS2812B-2020_PLCC4_2.0x2.0mm,170.657166,-240.744338,0,top
D473,WS2812B,LED_WS2812B-2020_PLCC4_2.0x2.0mm,175.622166,-240.384338,0,top
D474,WS2812B,LED_WS2812B-2020_PLCC4_2.0x2.0mm,180.137166,-240.404338,0,top
D475,WS2812B,LED_WS2812B-2020_PLCC4_2.0x2.0mm,191.797166,-237.934338,0,top
D476,WS2812B,LED_WS2812B-2020_PLCC4_2.0x2.0mm,195.667166,-235.344338,0,top
D477,WS2812B,LED_WS2812B-2020_PLCC4_2.0x2.0mm,198.757166,-232.744338,0,top
D478,WS2812B,LED_WS2812B-2020_PLCC4_2.0x2.0mm,200.562166,-230.104338,0,top
D479,WS2812B,LED_WS2812B-2020_PLCC4_2.0x2.0mm,201.057166,-226.984338,0,top
D480,WS2812B,LED_WS2812B-2020_PLCC4_2.0x2.0mm,199.577166,-223.424338,0,top
D481,WS2812B,LED_WS2812B-2020_PLCC4_2.0x2.0mm,201.047166,-219.704338,0,top
D482,WS2812B,LED_WS2812B-2020_PLCC4_2.0x2.0mm,203.717166,-216.954338,0,top
D483,WS2812B,LED_WS2812B-2020_PLCC4_2.0x2.0mm,206.827166,-213.764338,0,top
D484,WS2812B,LED_WS2812B-2020_PLCC4_2.0x2.0mm,211.307166,-209.584338,0,top
D485,WS2812B,LED_WS2812B-2020_PLCC4_2.0x2.0mm,215.032166,-205.914338,0,top
D486,WS2812B,LED_WS2812B-2020_PLCC4_2.0x2.0mm,218.397166,-202.664338,0,top
J1,Conn_01x08,PinSocket_1x08_P2.54mm_Vertical,267.98,-128.67,180,top
J2,USB_C_Receptacle_USB2.0,USB_C_Receptacle_G-Switch_GT-USB-7010ASV,268,-138.7,90,top
J3,BATTERY,TerminalBlock_bornier-2_P5.08mm,266,-159,90,top
J4,12V IN,CONN-TH_DC-005-2.5A-2.0,263.2,-170.1365,180,top
L1,ETQ-P3M3R3KVP,ETQ-P3M_KVP,236.3825,-159.80025,-90,top
L2,ETQ-P3M3R3KVP,ETQ-P3M_KVP,247,-203.55025,-90,top
L3,ETQ-P3M3R3KVP,ETQ-P3M_KVP,252.8,-97.3,180,top
Q1,UMH3N,SOT-363_SC-70-6,244.395,-138.005,180,top
R1,5.1k,R_0402_1005Metric,261,-139.8,180,top
R2,5.1k,R_0402_1005Metric,262.1,-136,90,top
R3,100k,R_0402_1005Metric,239.65,-137.1,90,top
R4,10k,R_0402_1005Metric,184.37,-136.7,-90,top
R5,10k,R_0402_1005Metric,265.01,-188.25,180,top
R6,10k,R_0402_1005Metric,264.98,-181.51,180,top
R7,10R,R_0402_1005Metric,235.6825,-155.5425,180,top
R8,12K 1%,R_0402_1005Metric,235.7825,-151.4925,0,top
R9,1k,R_0402_1005Metric,265.03,-184.88,0,top
R10,20K 1%,R_0402_1005Metric,234.3825,-152.9925,180,top
R11,2.2K 1%,R_0402_1005Metric,238.8325,-150.0925,0,top
R12,10R,R_0402_1005Metric,246.35,-199.2625,180,top
R13,12K 1%,R_0402_1005Metric,246.45,-195.2125,0,top
R14,1k,R_0402_1005Metric,267.02,-195.42,90,top
R15,20K 1%,R_0402_1005Metric,245.05,-196.7125,180,top
R16,2.2K 1%,R_0402_1005Metric,249.5,-193.8125,0,top
R17,10R,R_0402_1005Metric,253.6,-103.22,-90,top
R18,12K 1%,R_0402_1005Metric,261.15,-97.97,-90,top
R20,20K 1%,R_0402_1005Metric,257.65,-98.18,90,top
R21,2.2K 1%,R_0402_1005Metric,262.17,-97.96,90,top
R22,220R,R_0603_1608Metric,201.11,-166.175,-90,top
R23,220R,R_0603_1608Metric,204.55,-166.175,-90,top
R24,220R,R_0603_1608Metric,208.05,-166.175,-90,top
R25,220R,R_0603_1608Metric,211.65,-166.175,-90,top
R26,220R,R_0603_1608Metric,215.25,-166.175,-90,top
R27,220R,R_0603_1608Metric,176.3625,-144.15,180,top
R28,220R,R_0603_1608Metric,176.3625,-147.75,180,top
R29,220R,R_0603_1608Metric,218.75,-166.175,-90,top
R30,220R,R_0603_1608Metric,222.25,-166.175,-90,top
SW1,SW_Push,SW_Push_1P1T_NO_CK_KMR2,236.17,-137.38,0,top
SW2,SW_Push,SW_Push_1P1T_NO_CK_KMR2,236.18,-142.08,180,top
U1,CH340C,SOIC-16_3.9x9.9mm_P1.27mm,250.945,-137.055,180,top
U2,ESP32-WROOM-32,ESP32-WROOM-32,196.71,-142.05,0,top
U3,AP2127K-3.3,SOT-23-5,179.81,-137.47,0,top
U4,AP64501SP-13,SOIC-8-1EP_3.9x4.9mm_P1.27mm_EP2.95x4.9mm_Mask2.71x3.4mm_ThermalVias,240.7825,-153.5925,180,top
U5,AP64501SP-13,SOIC-8-1EP_3.9x4.9mm_P1.27mm_EP2.95x4.9mm_Mask2.71x3.4mm_ThermalVias,251.45,-197.3125,180,top
U6,AP64501SP-13,SOIC-8-1EP_3.9x4.9mm_P1.27mm_EP2.95x4.9mm_Mask2.71x3.4mm_ThermalVias,258.05,-104,90,top
U7,SN74LV1T34DBV,SOT-23-5,202,-161.9,-90,top
U8,SN74LV1T34DBV,SOT-23-5,205.5,-161.9,-90,top
U9,SN74LV1T34DBV,SOT-23-5,209,-161.9,-90,top
U10,SN74LV1T34DBV,SOT-23-5,212.6,-161.9,-90,top
U11,SN74LV1T34DBV,SOT-23-5,216.1,-161.9,-90,top
U12,SN74LV1T34DBV,SOT-23-5,180.6375,-145.05,180,top
U13,SN74LV1T34DBV,SOT-23-5,180.6375,-148.65,180,top
U14,SN74LV1T34DBV,SOT-23-5,219.65,-161.9,-90,top
U15,SN74LV1T34DBV,SOT-23-5,223.15,-161.9,-90,top
